{"count":1,"self":14.5090016,"total":184.67421099999999,"children":{"InitializeActuators":{"count":48,"self":0.0012469999999999998,"total":0.0012469999999999998,"children":null},"InitializeSensors":{"count":48,"self":0.000789,"total":0.000789,"children":null},"AgentSendState":{"count":16253,"self":0.342978,"total":23.154818,"children":{"CollectObservations":{"count":156048,"self":15.615839999999999,"total":15.624960999999999,"children":{"AgentInfo.ToProto":{"count":192,"self":0.00028199999999999997,"total":0.0091209999999999989,"children":{"GenerateSensorData":{"count":192,"self":0.008839,"total":0.008839,"children":null}}}}},"CollectDiscreteActionMasks":{"count":156048,"self":0.059518999999999996,"total":0.059518999999999996,"children":null},"RequestDecision":{"count":156048,"self":0.145738,"total":7.1273599999999995,"children":{"AgentInfo.ToProto":{"count":156048,"self":0.17760599999999999,"total":6.981622,"children":{"GenerateSensorData":{"count":156048,"self":6.804016,"total":6.804016,"children":null}}}}}}},"DecideAction":{"count":16253,"self":146.90986239999998,"total":146.909864,"children":null},"AgentAct":{"count":16253,"self":0.096997,"total":0.096997,"children":null}},"gauges":{"Robot.CumulativeReward":{"count":192,"max":20.3336563,"min":-654.6026,"runningAverage":-100.389717,"value":0.322046429,"weightedAverage":-8.58577251}},"metadata":{"timer_format_version":"0.1.0","start_time_seconds":"1608970647","unity_version":"2019.4.12f1","command_line_arguments":"\/home\/seungju\/LSTMSAC\/.\/Env\/Linux\/easyEnv16.x86_64 --mlagents-port 5084","communication_protocol_version":"1.2.0","com.unity.ml-agents_version":"1.5.0-preview","scene_name":"Env16","end_time_seconds":"1608970832"}}