{"count":1,"self":50.415824,"total":289.24933,"children":{"InitializeActuators":{"count":48,"self":0.0013009999999999999,"total":0.0013009999999999999,"children":null},"InitializeSensors":{"count":48,"self":0.000825,"total":0.000825,"children":null},"AgentSendState":{"count":42834,"self":0.929646,"total":63.054572,"children":{"CollectObservations":{"count":411216,"self":42.3533632,"total":42.538526,"children":{"AgentInfo.ToProto":{"count":3682,"self":0.005587,"total":0.185162,"children":{"GenerateSensorData":{"count":3682,"self":0.17957499999999998,"total":0.17957499999999998,"children":null}}}}},"CollectDiscreteActionMasks":{"count":411216,"self":0.163497,"total":0.163497,"children":null},"RequestDecision":{"count":411216,"self":0.37004,"total":19.422902999999998,"children":{"AgentInfo.ToProto":{"count":411216,"self":0.48336999999999997,"total":19.052863,"children":{"GenerateSensorData":{"count":411216,"self":18.5694928,"total":18.569492999999998,"children":null}}}}}}},"DecideAction":{"count":42834,"self":175.49024,"total":175.49023699999998,"children":null},"AgentAct":{"count":42834,"self":0.284287,"total":0.284287,"children":null}},"gauges":{"Robot.CumulativeReward":{"count":3682,"max":67.0793152,"min":-27.6065216,"runningAverage":29.7943134,"value":47.24884,"weightedAverage":41.6312}},"metadata":{"timer_format_version":"0.1.0","start_time_seconds":"1608960187","unity_version":"2019.4.12f1","command_line_arguments":"\/home\/seungju\/LSTMSAC\/.\/Env\/Linux\/easyEnv16.x86_64 --mlagents-port 5017","communication_protocol_version":"1.2.0","com.unity.ml-agents_version":"1.5.0-preview","scene_name":"Env16","end_time_seconds":"1608960476"}}