{"count":1,"self":16.4175264,"total":101.43905799999999,"children":{"InitializeActuators":{"count":48,"self":0.001302,"total":0.001302,"children":null},"InitializeSensors":{"count":48,"self":0.000846,"total":0.000846,"children":null},"AgentSendState":{"count":15607,"self":0.319677,"total":22.803682,"children":{"CollectObservations":{"count":149856,"self":15.3207744,"total":15.383344999999998,"children":{"AgentInfo.ToProto":{"count":1252,"self":0.0018169999999999998,"total":0.062571,"children":{"GenerateSensorData":{"count":1252,"self":0.060753999999999996,"total":0.060753999999999996,"children":null}}}}},"CollectDiscreteActionMasks":{"count":149856,"self":0.057243999999999996,"total":0.057243999999999996,"children":null},"RequestDecision":{"count":149856,"self":0.139542,"total":7.043416,"children":{"AgentInfo.ToProto":{"count":149856,"self":0.16436399999999998,"total":6.903874,"children":{"GenerateSensorData":{"count":149856,"self":6.7395103999999995,"total":6.73951,"children":null}}}}}}},"DecideAction":{"count":15607,"self":62.1238976,"total":62.123897,"children":null},"AgentAct":{"count":15607,"self":0.090394,"total":0.090394,"children":null}},"gauges":{"Robot.CumulativeReward":{"count":1252,"max":63.4007225,"min":-17.4002571,"runningAverage":30.2724686,"value":5.4232893,"weightedAverage":31.40507}},"metadata":{"timer_format_version":"0.1.0","start_time_seconds":"1608797610","unity_version":"2019.4.12f1","command_line_arguments":"\/home\/seungju\/LSTMSAC\/.\/Env\/Linux\/easyEnv16.x86_64 --mlagents-port 5041","communication_protocol_version":"1.2.0","com.unity.ml-agents_version":"1.5.0-preview","scene_name":"Env16","end_time_seconds":"1608797711"}}