{"count":1,"self":18.0280256,"total":105.963667,"children":{"InitializeActuators":{"count":192,"self":0.0017419999999999998,"total":0.0017419999999999998,"children":null},"InitializeSensors":{"count":192,"self":0.001375,"total":0.001375,"children":null},"AgentSendState":{"count":4790,"self":0.37973799999999996,"total":27.610415,"children":{"CollectObservations":{"count":183936,"self":20.6412208,"total":20.694053,"children":{"AgentInfo.ToProto":{"count":1569,"self":0.002062,"total":0.052832,"children":{"GenerateSensorData":{"count":1569,"self":0.050769999999999996,"total":0.050769999999999996,"children":null}}}}},"CollectDiscreteActionMasks":{"count":183936,"self":0.070015,"total":0.070015,"children":null},"RequestDecision":{"count":183936,"self":0.158667,"total":6.466609,"children":{"AgentInfo.ToProto":{"count":183936,"self":0.17371,"total":6.307942,"children":{"GenerateSensorData":{"count":183936,"self":6.134232,"total":6.134232,"children":null}}}}}}},"DecideAction":{"count":4790,"self":60.2190016,"total":60.218999999999994,"children":null},"AgentAct":{"count":4790,"self":0.101633,"total":0.101633,"children":null}},"gauges":{"Robot.CumulativeReward":{"count":1569,"max":19.0163155,"min":-51.1248665,"runningAverage":6.47104836,"value":12.0655241,"weightedAverage":11.3643913}},"metadata":{"timer_format_version":"0.1.0","start_time_seconds":"1609046041","unity_version":"2019.4.12f1","command_line_arguments":"\/home\/seungju\/LSTMSAC\/.\/Env\/Linux\/Env64.x86_64 --mlagents-port 5022","communication_protocol_version":"1.2.0","com.unity.ml-agents_version":"1.5.0-preview","scene_name":"Env16","end_time_seconds":"1609046147"}}