{"count":1,"self":1765.6055807999999,"total":22375.498868,"children":{"InitializeActuators":{"count":48,"self":0.001238,"total":0.001238,"children":null},"InitializeSensors":{"count":48,"self":0.000766,"total":0.000766,"children":null},"AgentSendState":{"count":1883060,"self":41.991740799999995,"total":3365.0791999999997,"children":{"CollectObservations":{"count":18077376,"self":2509.1002368,"total":2510.151646,"children":{"AgentInfo.ToProto":{"count":22560,"self":0.031806,"total":1.0513329999999999,"children":{"GenerateSensorData":{"count":22560,"self":1.0195269999999999,"total":1.0195269999999999,"children":null}}}}},"CollectDiscreteActionMasks":{"count":18077376,"self":6.9355367999999995,"total":6.935537,"children":null},"RequestDecision":{"count":18077376,"self":16.3717136,"total":806.000275,"children":{"AgentInfo.ToProto":{"count":18077376,"self":21.4515504,"total":789.628561,"children":{"GenerateSensorData":{"count":18077376,"self":768.1769984,"total":768.177011,"children":null}}}}}}},"DecideAction":{"count":1883060,"self":17233.3613056,"total":17233.36091,"children":null},"AgentAct":{"count":1883060,"self":11.449591999999999,"total":11.449591999999999,"children":null}},"gauges":{"Robot.CumulativeReward":{"count":22560,"max":72.76972,"min":-1230.80432,"runningAverage":-39.53201,"value":15.7791634,"weightedAverage":2.54794836}},"metadata":{"timer_format_version":"0.1.0","start_time_seconds":"1608947741","unity_version":"2019.4.12f1","command_line_arguments":"\/home\/seungju\/LSTMSAC\/.\/Env\/Linux\/Lotte16.x86_64 --mlagents-port 5042","communication_protocol_version":"1.2.0","com.unity.ml-agents_version":"1.5.0-preview","scene_name":"LotteEnv","end_time_seconds":"1608970116"}}