{"count":1,"self":19.896311999999998,"total":54.487203,"children":{"InitializeActuators":{"count":48,"self":0.001217,"total":0.001217,"children":null},"InitializeSensors":{"count":48,"self":0.00075999999999999993,"total":0.00075999999999999993,"children":null},"AgentSendState":{"count":5176,"self":0.16533199999999998,"total":9.130687,"children":{"CollectObservations":{"count":49728,"self":5.7912088,"total":5.7912089999999994,"children":null},"CollectDiscreteActionMasks":{"count":49728,"self":0.030549999999999997,"total":0.030549999999999997,"children":null},"RequestDecision":{"count":49728,"self":0.064350999999999992,"total":3.143596,"children":{"AgentInfo.ToProto":{"count":49728,"self":0.077048999999999992,"total":3.079245,"children":{"GenerateSensorData":{"count":49728,"self":3.0021959999999996,"total":3.0021959999999996,"children":null}}}}}}},"DecideAction":{"count":5176,"self":25.4067376,"total":25.406737,"children":null},"AgentAct":{"count":5176,"self":0.050013999999999996,"total":0.050013999999999996,"children":null}},"gauges":{},"metadata":{"timer_format_version":"0.1.0","start_time_seconds":"1608097225","unity_version":"2019.4.12f1","command_line_arguments":"\/home\/seungju\/LSTMSAC\/.\/Env\/Linux\/Lotte16.x86_64 --mlagents-port 5032","communication_protocol_version":"1.2.0","com.unity.ml-agents_version":"1.5.0-preview","scene_name":"LotteEnv","end_time_seconds":"1608097279"}}