{"count":1,"self":9.6096279999999989,"total":118.777148,"children":{"InitializeActuators":{"count":48,"self":0.001253,"total":0.001253,"children":null},"InitializeSensors":{"count":48,"self":0.00077299999999999992,"total":0.00077299999999999992,"children":null},"AgentSendState":{"count":10026,"self":0.230726,"total":17.814733999999998,"children":{"CollectObservations":{"count":96288,"self":13.1869584,"total":13.191132999999999,"children":{"AgentInfo.ToProto":{"count":96,"self":0.00015099999999999998,"total":0.004175,"children":{"GenerateSensorData":{"count":96,"self":0.004024,"total":0.004024,"children":null}}}}},"CollectDiscreteActionMasks":{"count":96288,"self":0.039892,"total":0.039892,"children":null},"RequestDecision":{"count":96288,"self":0.090719,"total":4.352983,"children":{"AgentInfo.ToProto":{"count":96288,"self":0.11726299999999999,"total":4.262264,"children":{"GenerateSensorData":{"count":96288,"self":4.1450008,"total":4.145001,"children":null}}}}}}},"DecideAction":{"count":10026,"self":91.289036799999991,"total":91.289037999999991,"children":null},"AgentAct":{"count":10026,"self":0.0602,"total":0.0602,"children":null}},"gauges":{"Robot.CumulativeReward":{"count":96,"max":-9.924621,"min":-612.5407,"runningAverage":-108.618027,"value":-50.0647278,"weightedAverage":-86.6154861}},"metadata":{"timer_format_version":"0.1.0","start_time_seconds":"1608947542","unity_version":"2019.4.12f1","command_line_arguments":"\/home\/seungju\/LSTMSAC\/.\/Env\/Linux\/Lotte16.x86_64 --mlagents-port 5096","communication_protocol_version":"1.2.0","com.unity.ml-agents_version":"1.5.0-preview","scene_name":"LotteEnv","end_time_seconds":"1608947661"}}