{"count":1,"self":79963.62588159999,"total":273746.97394,"children":{"InitializeActuators":{"count":48,"self":0.001215,"total":0.001215,"children":null},"InitializeSensors":{"count":48,"self":0.000767,"total":0.000767,"children":null},"AgentSendState":{"count":19500616,"self":486.956288,"total":36935.873685,"children":{"CollectObservations":{"count":187205952,"self":27454.2313472,"total":27463.341115,"children":{"AgentInfo.ToProto":{"count":194784,"self":0.27797099999999997,"total":9.109938,"children":{"GenerateSensorData":{"count":194784,"self":8.8319672,"total":8.8319669999999988,"children":null}}}}},"CollectDiscreteActionMasks":{"count":187205952,"self":85.371552,"total":85.37155,"children":null},"RequestDecision":{"count":187205952,"self":191.9355904,"total":8900.204715,"children":{"AgentInfo.ToProto":{"count":187205952,"self":234.751488,"total":8708.269122,"children":{"GenerateSensorData":{"count":187205952,"self":8473.5172608,"total":8473.517639,"children":null}}}}}}},"DecideAction":{"count":19500616,"self":156692.00158719998,"total":156692.00568099998,"children":null},"AgentAct":{"count":19500616,"self":155.4578944,"total":155.45789299999998,"children":null}},"gauges":{"Robot.CumulativeReward":{"count":194784,"max":310.673035,"min":-302.703217,"runningAverage":34.59156,"value":0.4106695,"weightedAverage":-40.07996}},"metadata":{"timer_format_version":"0.1.0","start_time_seconds":"1608272307","unity_version":"2019.4.12f1","command_line_arguments":"\/home\/seungju\/LSTMSAC\/.\/Env\/Linux\/Lotte16.x86_64 --mlagents-port 5101","communication_protocol_version":"1.2.0","com.unity.ml-agents_version":"1.5.0-preview","scene_name":"LotteEnv","end_time_seconds":"1608546054"}}