{"count":1,"self":50.0194208,"total":140.483443,"children":{"InitializeActuators":{"count":48,"self":0.001219,"total":0.001219,"children":null},"InitializeSensors":{"count":48,"self":0.000774,"total":0.000774,"children":null},"AgentSendState":{"count":13772,"self":0.445775,"total":25.829379,"children":{"CollectObservations":{"count":132240,"self":16.341961599999998,"total":16.344784999999998,"children":{"AgentInfo.ToProto":{"count":48,"self":8.9999999999999992E-05,"total":0.0028239999999999997,"children":{"GenerateSensorData":{"count":48,"self":0.002734,"total":0.002734,"children":null}}}}},"CollectDiscreteActionMasks":{"count":132240,"self":0.082293999999999992,"total":0.082293999999999992,"children":null},"RequestDecision":{"count":132240,"self":0.18772799999999998,"total":8.956525,"children":{"AgentInfo.ToProto":{"count":132240,"self":0.22677999999999998,"total":8.768797,"children":{"GenerateSensorData":{"count":132240,"self":8.542016799999999,"total":8.542017,"children":null}}}}}}},"DecideAction":{"count":13772,"self":64.518092799999991,"total":64.518095,"children":null},"AgentAct":{"count":13772,"self":0.11306999999999999,"total":0.11306999999999999,"children":null}},"gauges":{"Robot.CumulativeReward":{"count":48,"max":0,"min":0,"runningAverage":0,"value":0,"weightedAverage":0}},"metadata":{"timer_format_version":"0.1.0","start_time_seconds":"1608096424","unity_version":"2019.4.12f1","command_line_arguments":"\/home\/seungju\/LSTMSAC\/.\/Env\/Linux\/Lotte16.x86_64 --mlagents-port 5094","communication_protocol_version":"1.2.0","com.unity.ml-agents_version":"1.5.0-preview","scene_name":"LotteEnv","end_time_seconds":"1608096565"}}