{"count":1,"self":43.3595136,"total":88.659416,"children":{"InitializeActuators":{"count":48,"self":0.0012159999999999999,"total":0.0012159999999999999,"children":null},"InitializeSensors":{"count":48,"self":0.000752,"total":0.000752,"children":null},"AgentSendState":{"count":4311,"self":0.244534,"total":21.016119,"children":{"CollectObservations":{"count":41424,"self":15.7102528,"total":15.729204,"children":{"AgentInfo.ToProto":{"count":140,"self":0.000547,"total":0.018952,"children":{"GenerateSensorData":{"count":140,"self":0.018404999999999998,"total":0.018404999999999998,"children":null}}}}},"CollectDiscreteActionMasks":{"count":41424,"self":0.044843999999999995,"total":0.044843999999999995,"children":null},"RequestDecision":{"count":41424,"self":0.10545299999999999,"total":4.9975369999999995,"children":{"AgentInfo.ToProto":{"count":41424,"self":0.129221,"total":4.892084,"children":{"GenerateSensorData":{"count":41424,"self":4.7628632,"total":4.7628629999999994,"children":null}}}}}}},"DecideAction":{"count":4311,"self":24.2316032,"total":24.231603,"children":null},"AgentAct":{"count":4311,"self":0.04881,"total":0.04881,"children":null}},"gauges":{"Robot.CumulativeReward":{"count":140,"max":113.648895,"min":-44.7994041,"runningAverage":42.7719231,"value":91.6719742,"weightedAverage":44.7654953}},"metadata":{"timer_format_version":"0.1.0","start_time_seconds":"1609041429","unity_version":"2019.4.12f1","command_line_arguments":"\/home\/seungju\/LSTMSAC\/.\/Env\/Linux\/Lotte16.x86_64 --mlagents-port 5098","communication_protocol_version":"1.2.0","com.unity.ml-agents_version":"1.5.0-preview","scene_name":"LotteEnv","end_time_seconds":"1609041517"}}