{"count":1,"self":312.265088,"total":4686.388804,"children":{"InitializeActuators":{"count":48,"self":0.001237,"total":0.001237,"children":null},"InitializeSensors":{"count":48,"self":0.00076399999999999992,"total":0.00076399999999999992,"children":null},"AgentSendState":{"count":386085,"self":8.652032,"total":685.288602,"children":{"CollectObservations":{"count":3706416,"self":515.2950784,"total":515.555807,"children":{"AgentInfo.ToProto":{"count":4608,"self":0.00667,"total":0.260723,"children":{"GenerateSensorData":{"count":4608,"self":0.254053,"total":0.254053,"children":null}}}}},"CollectDiscreteActionMasks":{"count":3706416,"self":1.4297579999999999,"total":1.4297579999999999,"children":null},"RequestDecision":{"count":3706416,"self":3.4866751999999996,"total":159.651005,"children":{"AgentInfo.ToProto":{"count":3706416,"self":4.3027799999999994,"total":156.16433,"children":{"GenerateSensorData":{"count":3706416,"self":151.8615552,"total":151.86155,"children":null}}}}}}},"DecideAction":{"count":386085,"self":3686.4483327999997,"total":3686.448155,"children":null},"AgentAct":{"count":386085,"self":2.383431,"total":2.383431,"children":null}},"gauges":{"Robot.CumulativeReward":{"count":4608,"max":101.847366,"min":-1102.13855,"runningAverage":0.3090609,"value":37.1181221,"weightedAverage":-39.8545151}},"metadata":{"timer_format_version":"0.1.0","start_time_seconds":"1608979828","unity_version":"2019.4.12f1","command_line_arguments":"\/home\/seungju\/LSTMSAC\/.\/Env\/Linux\/Lotte16.x86_64 --mlagents-port 5018","communication_protocol_version":"1.2.0","com.unity.ml-agents_version":"1.5.0-preview","scene_name":"LotteEnv","end_time_seconds":"1608984515"}}