{"count":1,"self":96.313740799999991,"total":195.791189,"children":{"InitializeActuators":{"count":48,"self":0.001232,"total":0.001232,"children":null},"InitializeSensors":{"count":48,"self":0.00076899999999999994,"total":0.00076899999999999994,"children":null},"AgentSendState":{"count":9668,"self":0.554935,"total":47.103283999999995,"children":{"CollectObservations":{"count":92832,"self":35.1909184,"total":35.229822,"children":{"AgentInfo.ToProto":{"count":333,"self":0.001357,"total":0.038904999999999995,"children":{"GenerateSensorData":{"count":333,"self":0.037548,"total":0.037548,"children":null}}}}},"CollectDiscreteActionMasks":{"count":92832,"self":0.10482699999999999,"total":0.10482699999999999,"children":null},"RequestDecision":{"count":92832,"self":0.237888,"total":11.2137,"children":{"AgentInfo.ToProto":{"count":92832,"self":0.297651,"total":10.975812,"children":{"GenerateSensorData":{"count":92832,"self":10.678160799999999,"total":10.678161,"children":null}}}}}}},"DecideAction":{"count":9668,"self":52.261632,"total":52.261630999999994,"children":null},"AgentAct":{"count":9668,"self":0.109038,"total":0.109038,"children":null}},"gauges":{"Robot.CumulativeReward":{"count":333,"max":135.361176,"min":-0.3511138,"runningAverage":30.7145329,"value":3.63266087,"weightedAverage":12.6338663}},"metadata":{"timer_format_version":"0.1.0","start_time_seconds":"1609040731","unity_version":"2019.4.12f1","command_line_arguments":"\/home\/seungju\/LSTMSAC\/.\/Env\/Linux\/Lotte16.x86_64 --mlagents-port 5074","communication_protocol_version":"1.2.0","com.unity.ml-agents_version":"1.5.0-preview","scene_name":"LotteEnv","end_time_seconds":"1609040927"}}