{"count":1,"self":3591.9900672,"total":15104.899964,"children":{"InitializeActuators":{"count":48,"self":0.0012339999999999999,"total":0.0012339999999999999,"children":null},"InitializeSensors":{"count":48,"self":0.000759,"total":0.000759,"children":null},"AgentSendState":{"count":1077801,"self":31.5271232,"total":2549.422694,"children":{"CollectObservations":{"count":10346928,"self":1911.8092287999998,"total":1912.213793,"children":{"AgentInfo.ToProto":{"count":5856,"self":0.011143,"total":0.40449399999999996,"children":{"GenerateSensorData":{"count":5856,"self":0.393351,"total":0.393351,"children":null}}}}},"CollectDiscreteActionMasks":{"count":10346928,"self":5.5316351999999993,"total":5.531635,"children":null},"RequestDecision":{"count":10346928,"self":13.338472,"total":600.150144,"children":{"AgentInfo.ToProto":{"count":10346928,"self":16.0342688,"total":586.81167199999993,"children":{"GenerateSensorData":{"count":10346928,"self":570.7773952,"total":570.77740399999993,"children":null}}}}}}},"DecideAction":{"count":1077801,"self":8955.654144,"total":8955.653772,"children":null},"AgentAct":{"count":1077801,"self":7.8299119999999993,"total":7.8299119999999993,"children":null}},"gauges":{"Robot.CumulativeReward":{"count":5856,"max":8.636507,"min":-349.570435,"runningAverage":-9.692162,"value":-2.40880275,"weightedAverage":-88.78882}},"metadata":{"timer_format_version":"0.1.0","start_time_seconds":"1608174977","unity_version":"2019.4.12f1","command_line_arguments":"\/home\/seungju\/LSTMSAC\/.\/Env\/Linux\/Lotte16.x86_64 --mlagents-port 5101","communication_protocol_version":"1.2.0","com.unity.ml-agents_version":"1.5.0-preview","scene_name":"LotteEnv","end_time_seconds":"1608190082"}}