{"count":1,"self":1.042122,"total":25.488238,"children":{"InitializeActuators":{"count":12,"self":0.001941,"total":0.001941,"children":null},"InitializeSensors":{"count":12,"self":0.00087499999999999991,"total":0.00087499999999999991,"children":null},"AgentSendState":{"count":1,"self":0.00095199999999999994,"total":0.015662,"children":{"CollectObservations":{"count":12,"self":0.0099589999999999991,"total":0.0099589999999999991,"children":null},"CollectDiscreteActionMasks":{"count":12,"self":9.8E-05,"total":9.8E-05,"children":null},"RequestDecision":{"count":12,"self":0.001153,"total":0.004653,"children":{"AgentInfo.ToProto":{"count":12,"self":0.00051899999999999993,"total":0.0034999999999999996,"children":{"GenerateSensorData":{"count":12,"self":0.0029809999999999997,"total":0.0029809999999999997,"children":null}}}}}}},"DecideAction":{"count":1,"self":24.425883199999998,"total":24.425883,"children":null},"AgentAct":{"count":1,"self":0.000334,"total":0.000334,"children":null}},"gauges":{},"metadata":{"timer_format_version":"0.1.0","start_time_seconds":"1605326615","unity_version":"2019.4.12f1","command_line_arguments":"\/home\/seungju\/RL\/.\/Env\/Linux\/Env01.x86_64 --mlagents-port 5033","communication_protocol_version":"1.2.0","com.unity.ml-agents_version":"1.5.0-preview","scene_name":"Env01","end_time_seconds":"1605326641"}}