{"count":1,"self":4708.7816704,"total":10272.633649,"children":{"InitializeActuators":{"count":3,"self":0.001103,"total":0.001103,"children":null},"InitializeSensors":{"count":3,"self":0.000553,"total":0.000553,"children":null},"AgentSendState":{"count":602877,"self":1.770845,"total":218.387824,"children":{"CollectObservations":{"count":361728,"self":194.7489536,"total":194.84615499999998,"children":{"AgentInfo.ToProto":{"count":1805,"self":0.004752,"total":0.09719499999999999,"children":{"GenerateSensorData":{"count":1805,"self":0.092443,"total":0.092443,"children":null}}}}},"CollectDiscreteActionMasks":{"count":361728,"self":0.21037699999999998,"total":0.21037699999999998,"children":null},"RequestDecision":{"count":361728,"self":0.477278,"total":21.560447,"children":{"AgentInfo.ToProto":{"count":361728,"self":0.87214799999999992,"total":21.083168999999998,"children":{"GenerateSensorData":{"count":361728,"self":20.2110208,"total":20.211021,"children":null}}}}}}},"DecideAction":{"count":602877,"self":5344.5541888,"total":5344.554337,"children":null},"AgentAct":{"count":602877,"self":0.906461,"total":0.906461,"children":null}},"gauges":{"Robot.CumulativeReward":{"count":1805,"max":26.183239,"min":-1542.77332,"runningAverage":-374.90625,"value":-1009.3847,"weightedAverage":-741.114}},"metadata":{"timer_format_version":"0.1.0","start_time_seconds":"1605500298","unity_version":"2019.4.12f1","command_line_arguments":"\/home\/seungju\/RL\/.\/Env\/Linux\/Env01.x86_64 --mlagents-port 5100","communication_protocol_version":"1.2.0","com.unity.ml-agents_version":"1.5.0-preview","scene_name":"Env01","end_time_seconds":"1605510570"}}