{"count":1,"self":7724.8864256,"total":46356.471979999995,"children":{"InitializeActuators":{"count":3,"self":0.0011279999999999999,"total":0.0011279999999999999,"children":null},"InitializeSensors":{"count":3,"self":0.000589,"total":0.000589,"children":null},"AgentSendState":{"count":4634427,"self":12.295912,"total":462.097154,"children":{"CollectObservations":{"count":2780658,"self":279.05472,"total":280.789171,"children":{"AgentInfo.ToProto":{"count":29486,"self":0.070864,"total":1.734461,"children":{"GenerateSensorData":{"count":29486,"self":1.663597,"total":1.663597,"children":null}}}}},"CollectDiscreteActionMasks":{"count":2780658,"self":1.556586,"total":1.556586,"children":null},"RequestDecision":{"count":2780658,"self":3.732874,"total":167.45548499999998,"children":{"AgentInfo.ToProto":{"count":2780658,"self":6.9470072,"total":163.722611,"children":{"GenerateSensorData":{"count":2780658,"self":156.7756032,"total":156.775604,"children":null}}}}}}},"DecideAction":{"count":4634427,"self":38164.1129984,"total":38164.11219,"children":null},"AgentAct":{"count":4634427,"self":5.3731247999999994,"total":5.373125,"children":null}},"gauges":{"Robot.CumulativeReward":{"count":29486,"max":63.0772858,"min":-44.9813271,"runningAverage":12.8084154,"value":12.2813911,"weightedAverage":10.78492}},"metadata":{"timer_format_version":"0.1.0","start_time_seconds":"1607096772","unity_version":"2019.4.12f1","command_line_arguments":"\/home\/seungju\/RL\/.\/Env\/Linux\/Env01.x86_64 --mlagents-port 5036","communication_protocol_version":"1.2.0","com.unity.ml-agents_version":"1.5.0-preview","scene_name":"Env01","end_time_seconds":"1607143129"}}