{"count":1,"self":63.2512512,"total":143.601059,"children":{"InitializeActuators":{"count":3,"self":0.001187,"total":0.001187,"children":null},"InitializeSensors":{"count":3,"self":0.000579,"total":0.000579,"children":null},"AgentSendState":{"count":22416,"self":0.065606,"total":2.090417,"children":{"CollectObservations":{"count":13452,"self":1.2782799999999999,"total":1.2792919999999999,"children":{"AgentInfo.ToProto":{"count":21,"self":5.6E-05,"total":0.0010119999999999999,"children":{"GenerateSensorData":{"count":21,"self":0.00095599999999999993,"total":0.00095599999999999993,"children":null}}}}},"CollectDiscreteActionMasks":{"count":13452,"self":0.006403,"total":0.006403,"children":null},"RequestDecision":{"count":13452,"self":0.018304,"total":0.739116,"children":{"AgentInfo.ToProto":{"count":13452,"self":0.025370999999999998,"total":0.720812,"children":{"GenerateSensorData":{"count":13452,"self":0.695441,"total":0.695441,"children":null}}}}}}},"DecideAction":{"count":22416,"self":78.224857599999993,"total":78.224856,"children":null},"AgentAct":{"count":22416,"self":0.031723999999999995,"total":0.031723999999999995,"children":null}},"gauges":{"Robot.CumulativeReward":{"count":21,"max":74.78082,"min":-73.85991,"runningAverage":-22.7986088,"value":-13.1995792,"weightedAverage":-25.1935749}},"metadata":{"timer_format_version":"0.1.0","start_time_seconds":"1606721455","unity_version":"2019.4.12f1","command_line_arguments":"\/home\/seungju\/RL\/.\/Env\/Linux\/simEnv01.x86_64 --mlagents-port 5051","communication_protocol_version":"1.2.0","com.unity.ml-agents_version":"1.5.0-preview","scene_name":"simEnv01","end_time_seconds":"1606721598"}}