{"count":1,"self":47.6383648,"total":1106.9744329999999,"children":{"InitializeActuators":{"count":5,"self":0.0011279999999999999,"total":0.0011279999999999999,"children":null},"InitializeSensors":{"count":5,"self":0.00062599999999999993,"total":0.00062599999999999993,"children":null},"AgentSendState":{"count":54376,"self":0.203454,"total":35.621894999999995,"children":{"CollectObservations":{"count":54380,"self":32.136620799999996,"total":32.144099,"children":{"AgentInfo.ToProto":{"count":120,"self":0.00024099999999999998,"total":0.0074779999999999994,"children":{"GenerateSensorData":{"count":120,"self":0.0072369999999999995,"total":0.0072369999999999995,"children":null}}}}},"CollectDiscreteActionMasks":{"count":54380,"self":0.025913,"total":0.025913,"children":null},"RequestDecision":{"count":54380,"self":0.070080999999999991,"total":3.248429,"children":{"AgentInfo.ToProto":{"count":54380,"self":0.088833,"total":3.1783479999999997,"children":{"GenerateSensorData":{"count":54380,"self":3.089515,"total":3.089515,"children":null}}}}}}},"DecideAction":{"count":54376,"self":1023.6342271999999,"total":1023.634192,"children":null},"AgentAct":{"count":54376,"self":0.076743999999999993,"total":0.076743999999999993,"children":null}},"gauges":{"Robot.CumulativeReward":{"count":120,"max":49.7702751,"min":-185.353867,"runningAverage":-61.5834427,"value":-56.7951927,"weightedAverage":-80.38553}},"metadata":{"timer_format_version":"0.1.0","start_time_seconds":"1605241499","unity_version":"2019.4.12f1","command_line_arguments":"\/home\/seungju\/RL\/.\/Env\/Linux\/simEnv01.x86_64 --mlagents-port 5052","communication_protocol_version":"1.2.0","com.unity.ml-agents_version":"1.5.0-preview","scene_name":"simEnv01","end_time_seconds":"1605242606"}}