{"count":1,"self":86.65234559999999,"total":181.448587,"children":{"InitializeActuators":{"count":3,"self":0.0010999999999999998,"total":0.0010999999999999998,"children":null},"InitializeSensors":{"count":3,"self":0.00054099999999999992,"total":0.00054099999999999992,"children":null},"AgentSendState":{"count":16671,"self":0.10375799999999999,"total":4.124548,"children":{"CollectObservations":{"count":10005,"self":2.57861,"total":2.579906,"children":{"AgentInfo.ToProto":{"count":11,"self":6.2E-05,"total":0.0012959999999999998,"children":{"GenerateSensorData":{"count":11,"self":0.0012339999999999999,"total":0.0012339999999999999,"children":null}}}}},"CollectDiscreteActionMasks":{"count":10005,"self":0.012985,"total":0.012985,"children":null},"RequestDecision":{"count":10005,"self":0.033298,"total":1.427899,"children":{"AgentInfo.ToProto":{"count":10005,"self":0.043345999999999996,"total":1.394601,"children":{"GenerateSensorData":{"count":10005,"self":1.3512549999999999,"total":1.3512549999999999,"children":null}}}}}}},"DecideAction":{"count":16671,"self":90.6324672,"total":90.63247,"children":null},"AgentAct":{"count":16671,"self":0.03644,"total":0.03644,"children":null}},"gauges":{"Robot.CumulativeReward":{"count":11,"max":2.33036232,"min":-51.7263947,"runningAverage":-24.4062634,"value":-12.5892954,"weightedAverage":-23.8501244}},"metadata":{"timer_format_version":"0.1.0","start_time_seconds":"1606490510","unity_version":"2019.4.12f1","command_line_arguments":"\/home\/seungju\/RL\/.\/Env\/Linux\/simEnv01.x86_64 --mlagents-port 5026","communication_protocol_version":"1.2.0","com.unity.ml-agents_version":"1.5.0-preview","scene_name":"simEnv01","end_time_seconds":"1606490691"}}