{"count":1,"self":19.6969328,"total":551.689909,"children":{"InitializeActuators":{"count":30,"self":0.001158,"total":0.001158,"children":null},"InitializeSensors":{"count":30,"self":0.00075099999999999993,"total":0.00075099999999999993,"children":null},"AgentSendState":{"count":53503,"self":0.71521099999999993,"total":181.566781,"children":{"CollectObservations":{"count":321030,"self":166.1615616,"total":166.210152,"children":{"AgentInfo.ToProto":{"count":1061,"self":0.001731,"total":0.048595,"children":{"GenerateSensorData":{"count":1061,"self":0.046863999999999996,"total":0.046863999999999996,"children":null}}}}},"CollectDiscreteActionMasks":{"count":321030,"self":0.126238,"total":0.126238,"children":null},"RequestDecision":{"count":321030,"self":0.294752,"total":14.515179999999999,"children":{"AgentInfo.ToProto":{"count":321030,"self":0.377387,"total":14.220428,"children":{"GenerateSensorData":{"count":321030,"self":13.8430416,"total":13.843041,"children":null}}}}}}},"DecideAction":{"count":53503,"self":350.238336,"total":350.238325,"children":null},"AgentAct":{"count":53503,"self":0.18448199999999998,"total":0.18448199999999998,"children":null}},"gauges":{"Robot.CumulativeReward":{"count":1061,"max":30.913208,"min":-175.404083,"runningAverage":-74.70418,"value":-74.76295,"weightedAverage":-86.27522}},"metadata":{"timer_format_version":"0.1.0","start_time_seconds":"1604981552","unity_version":"2019.4.12f1","command_line_arguments":"\/home\/seungju\/RL\/.\/Env\/Linux\/v4\/4SimpleEnv_1440.x86_64 --mlagents-port 5025","communication_protocol_version":"1.2.0","com.unity.ml-agents_version":"1.5.0-preview","scene_name":"simpleEnv","end_time_seconds":"1604982104"}}