{"count":1,"self":4.0431479999999995,"total":95.733448,"children":{"InitializeActuators":{"count":30,"self":0.001157,"total":0.001157,"children":null},"InitializeSensors":{"count":30,"self":0.00075099999999999993,"total":0.00075099999999999993,"children":null},"AgentSendState":{"count":9039,"self":0.122405,"total":30.39286,"children":{"CollectObservations":{"count":54240,"self":27.7585536,"total":27.767685999999998,"children":{"AgentInfo.ToProto":{"count":196,"self":0.00034399999999999996,"total":0.009132,"children":{"GenerateSensorData":{"count":196,"self":0.0087879999999999989,"total":0.0087879999999999989,"children":null}}}}},"CollectDiscreteActionMasks":{"count":54240,"self":0.019528,"total":0.019528,"children":null},"RequestDecision":{"count":54240,"self":0.05235,"total":2.483241,"children":{"AgentInfo.ToProto":{"count":54240,"self":0.061506,"total":2.430891,"children":{"GenerateSensorData":{"count":54240,"self":2.369385,"total":2.369385,"children":null}}}}}}},"DecideAction":{"count":9039,"self":61.263270399999996,"total":61.263272,"children":null},"AgentAct":{"count":9039,"self":0.030794,"total":0.030794,"children":null}},"gauges":{"Robot.CumulativeReward":{"count":196,"max":32.38849,"min":-125.2485,"runningAverage":-72.29079,"value":-101.506882,"weightedAverage":-83.1737}},"metadata":{"timer_format_version":"0.1.0","start_time_seconds":"1604981453","unity_version":"2019.4.12f1","command_line_arguments":"\/home\/seungju\/RL\/.\/Env\/Linux\/v4\/4SimpleEnv_1440.x86_64 --mlagents-port 5039","communication_protocol_version":"1.2.0","com.unity.ml-agents_version":"1.5.0-preview","scene_name":"simpleEnv","end_time_seconds":"1604981548"}}