{"count":1,"self":891.1726592,"total":1959.213871,"children":{"InitializeActuators":{"count":3,"self":0.004047,"total":0.004047,"children":null},"InitializeSensors":{"count":3,"self":0.0014299999999999998,"total":0.0014299999999999998,"children":null},"AgentSendState":{"count":390625,"self":4.4806552,"total":147.427856,"children":{"CollectObservations":{"count":234375,"self":81.851264,"total":81.928131999999991,"children":{"AgentInfo.ToProto":{"count":317,"self":0.002915,"total":0.076867999999999992,"children":{"GenerateSensorData":{"count":317,"self":0.073952999999999991,"total":0.073952999999999991,"children":null}}}}},"CollectDiscreteActionMasks":{"count":234375,"self":0.558512,"total":0.558512,"children":null},"RequestDecision":{"count":234375,"self":1.27104,"total":60.460556999999994,"children":{"AgentInfo.ToProto":{"count":234375,"self":1.847149,"total":59.189516999999995,"children":{"GenerateSensorData":{"count":234375,"self":57.342368,"total":57.342368,"children":null}}}}}}},"DecideAction":{"count":390625,"self":918.7961856,"total":918.796213,"children":null},"AgentAct":{"count":390625,"self":1.806047,"total":1.806047,"children":null}},"gauges":{"Robot.CumulativeReward":{"count":317,"max":9.446028,"min":-62.5503235,"runningAverage":-30.93453,"value":-33.8876648,"weightedAverage":-33.15777}},"metadata":{"timer_format_version":"0.1.0","start_time_seconds":"1606745753","unity_version":"2019.4.12f1","command_line_arguments":"\/Users\/seungju\/Documents\/SAC\/.\/Env\/MacOs\/testEnv01.app\/Contents\/MacOS\/Robot --mlagents-port 5077","communication_protocol_version":"1.2.0","com.unity.ml-agents_version":"1.5.0-preview","scene_name":"simEnv01","end_time_seconds":"1606747712"}}