{"count":1,"self":401.080832,"total":535.832807,"children":{"InitializeActuators":{"count":3,"self":0.001723,"total":0.001723,"children":null},"InitializeSensors":{"count":3,"self":0.00078,"total":0.00078,"children":null},"AgentSendState":{"count":53464,"self":0.593998,"total":17.145049999999998,"children":{"CollectObservations":{"count":32079,"self":9.4157087999999991,"total":9.4239699999999988,"children":{"AgentInfo.ToProto":{"count":44,"self":0.000405,"total":0.008261,"children":{"GenerateSensorData":{"count":44,"self":0.007856,"total":0.007856,"children":null}}}}},"CollectDiscreteActionMasks":{"count":32079,"self":0.07880899999999999,"total":0.07880899999999999,"children":null},"RequestDecision":{"count":32079,"self":0.16841699999999998,"total":7.048273,"children":{"AgentInfo.ToProto":{"count":32079,"self":0.23810599999999998,"total":6.8798559999999993,"children":{"GenerateSensorData":{"count":32079,"self":6.64175,"total":6.64175,"children":null}}}}}}},"DecideAction":{"count":53464,"self":117.3575808,"total":117.357581,"children":null},"AgentAct":{"count":53464,"self":0.24062399999999998,"total":0.24062399999999998,"children":null}},"gauges":{"Robot.CumulativeReward":{"count":44,"max":9.922897,"min":-27.51665,"runningAverage":-17.32264,"value":-21.6399956,"weightedAverage":-17.0178814}},"metadata":{"timer_format_version":"0.1.0","start_time_seconds":"1606805887","unity_version":"2019.4.12f1","command_line_arguments":"\/Users\/seungju\/Documents\/SAC\/.\/Env\/MacOs\/testEnv01.app\/Contents\/MacOS\/Robot --mlagents-port 5101","communication_protocol_version":"1.2.0","com.unity.ml-agents_version":"1.5.0-preview","scene_name":"simEnv01","end_time_seconds":"1606806422"}}