{"count":1,"self":4.5003899999999994,"total":12.782352999999999,"children":{"InitializeActuators":{"count":24,"self":0.001184,"total":0.001184,"children":null},"InitializeSensors":{"count":24,"self":0.00073299999999999993,"total":0.00073299999999999993,"children":null},"AgentSendState":{"count":1001,"self":0.015044,"total":2.9922969999999998,"children":{"CollectObservations":{"count":4824,"self":2.720096,"total":2.720475,"children":{"AgentInfo.ToProto":{"count":7,"self":1.8999999999999998E-05,"total":0.000379,"children":{"GenerateSensorData":{"count":7,"self":0.00035999999999999997,"total":0.00035999999999999997,"children":null}}}}},"CollectDiscreteActionMasks":{"count":4824,"self":0.0024879999999999998,"total":0.0024879999999999998,"children":null},"RequestDecision":{"count":4824,"self":0.0065959999999999994,"total":0.25429,"children":{"AgentInfo.ToProto":{"count":4824,"self":0.0073809999999999995,"total":0.247694,"children":{"GenerateSensorData":{"count":4824,"self":0.240313,"total":0.240313,"children":null}}}}}}},"DecideAction":{"count":1001,"self":5.2813007999999995,"total":5.281301,"children":null},"AgentAct":{"count":1001,"self":0.0049299999999999995,"total":0.0049299999999999995,"children":null}},"gauges":{"Robot.CumulativeReward":{"count":7,"max":-20.2955818,"min":-102.500053,"runningAverage":-73.0079,"value":-82.0088959,"weightedAverage":-74.04639}},"metadata":{"timer_format_version":"0.1.0","start_time_seconds":"1605069633","unity_version":"2019.4.12f1","command_line_arguments":"\/home\/seungju\/RL\/.\/Env\/Linux\/v4\/8MoreSimpleEnv_1440.x86_64 --mlagents-port 5065","communication_protocol_version":"1.2.0","com.unity.ml-agents_version":"1.5.0-preview","scene_name":"simpleEnv","end_time_seconds":"1605069646"}}