{"count":1,"self":1194.7311104,"total":6108.082073,"children":{"InitializeActuators":{"count":72,"self":0.001442,"total":0.001442,"children":null},"InitializeSensors":{"count":72,"self":0.001627,"total":0.001627,"children":null},"AgentSendState":{"count":532681,"self":18.5478912,"total":1130.188021,"children":{"CollectObservations":{"count":7670664,"self":755.6795392,"total":756.05392899999993,"children":{"AgentInfo.ToProto":{"count":7920,"self":0.010713,"total":0.37441199999999997,"children":{"GenerateSensorData":{"count":7920,"self":0.363699,"total":0.363699,"children":null}}}}},"CollectDiscreteActionMasks":{"count":7670664,"self":3.3963552,"total":3.396355,"children":null},"RequestDecision":{"count":7670664,"self":7.4522015999999995,"total":352.189846,"children":{"AgentInfo.ToProto":{"count":7670664,"self":8.9528432,"total":344.737644,"children":{"GenerateSensorData":{"count":7670664,"self":335.7848064,"total":335.78480099999996,"children":null}}}}}}},"DecideAction":{"count":532681,"self":3775.735808,"total":3775.735808,"children":null},"AgentAct":{"count":532681,"self":7.4226639999999993,"total":7.4226639999999993,"children":null}},"gauges":{"Robot.CumulativeReward":{"count":7920,"max":175.245667,"min":-491.402222,"runningAverage":-17.8364468,"value":85.64245,"weightedAverage":-14.6854382}},"metadata":{"timer_format_version":"0.1.0","start_time_seconds":"1607589344","unity_version":"2019.4.12f1","command_line_arguments":"\/home\/seungju\/LSTMSAC\/.\/Env\/Linux\/Env24.x86_64 --mlagents-port 5062","communication_protocol_version":"1.2.0","com.unity.ml-agents_version":"1.5.0-preview","scene_name":"Env24","end_time_seconds":"1607595452"}}