{"count":1,"self":8101.6070144,"total":91421.348239,"children":{"InitializeActuators":{"count":72,"self":0.00131,"total":0.00131,"children":null},"InitializeSensors":{"count":72,"self":0.00081699999999999991,"total":0.00081699999999999991,"children":null},"AgentSendState":{"count":3630356,"self":120.7586688,"total":8188.7089799999994,"children":{"CollectObservations":{"count":52277184,"self":5513.1971583999994,"total":5536.545591,"children":{"AgentInfo.ToProto":{"count":464520,"self":0.755181,"total":23.34834,"children":{"GenerateSensorData":{"count":464520,"self":22.5931584,"total":22.593159,"children":null}}}}},"CollectDiscreteActionMasks":{"count":52277184,"self":21.149736,"total":21.149736,"children":null},"RequestDecision":{"count":52277184,"self":50.2199616,"total":2510.254982,"children":{"AgentInfo.ToProto":{"count":52277184,"self":62.384198399999995,"total":2460.035022,"children":{"GenerateSensorData":{"count":52277184,"self":2397.6507392,"total":2397.6508249999997,"children":null}}}}}}},"DecideAction":{"count":3630356,"self":75093.60639999999,"total":75093.609182,"children":null},"AgentAct":{"count":3630356,"self":37.4192256,"total":37.419224,"children":null}},"gauges":{"Robot.CumulativeReward":{"count":464520,"max":126.93103,"min":-86.36251,"runningAverage":12.9552517,"value":-17.3375988,"weightedAverage":0.505846739}},"metadata":{"timer_format_version":"0.1.0","start_time_seconds":"1607405519","unity_version":"2019.4.12f1","command_line_arguments":"\/home\/seungju\/RL\/.\/Env\/Linux\/Env24.x86_64 --mlagents-port 5084","communication_protocol_version":"1.2.0","com.unity.ml-agents_version":"1.5.0-preview","scene_name":"Env24","end_time_seconds":"1607496940"}}