{"count":1,"self":334.8230656,"total":1517.6197419999999,"children":{"InitializeActuators":{"count":72,"self":0.0013579999999999998,"total":0.0013579999999999998,"children":null},"InitializeSensors":{"count":72,"self":0.00081299999999999992,"total":0.00081299999999999992,"children":null},"AgentSendState":{"count":131781,"self":4.155228,"total":266.119029,"children":{"CollectObservations":{"count":1897704,"self":178.1660032,"total":178.28915899999998,"children":{"AgentInfo.ToProto":{"count":2614,"self":0.0038439999999999998,"total":0.12315,"children":{"GenerateSensorData":{"count":2614,"self":0.119306,"total":0.119306,"children":null}}}}},"CollectDiscreteActionMasks":{"count":1897704,"self":0.73325,"total":0.73325,"children":null},"RequestDecision":{"count":1897704,"self":1.6902929999999998,"total":82.941392,"children":{"AgentInfo.ToProto":{"count":1897704,"self":2.0662689999999997,"total":81.251099,"children":{"GenerateSensorData":{"count":1897704,"self":79.184832,"total":79.184829999999991,"children":null}}}}}}},"DecideAction":{"count":131781,"self":915.12596479999991,"total":915.1259839999999,"children":null},"AgentAct":{"count":131781,"self":1.5480829999999999,"total":1.5480829999999999,"children":null}},"gauges":{"Robot.CumulativeReward":{"count":2614,"max":2.89680648,"min":-208.415619,"runningAverage":-53.2000275,"value":-34.5440178,"weightedAverage":-50.0899429}},"metadata":{"timer_format_version":"0.1.0","start_time_seconds":"1607434241","unity_version":"2019.4.12f1","command_line_arguments":"\/home\/seungju\/RL\/.\/Env\/Linux\/Env24.x86_64 --mlagents-port 5104","communication_protocol_version":"1.2.0","com.unity.ml-agents_version":"1.5.0-preview","scene_name":"Env24","end_time_seconds":"1607435758"}}