{"count":1,"self":2612.5129727999997,"total":14255.661075999999,"children":{"InitializeActuators":{"count":72,"self":0.0015099999999999998,"total":0.0015099999999999998,"children":null},"InitializeSensors":{"count":72,"self":0.001558,"total":0.001558,"children":null},"AgentSendState":{"count":1241799,"self":44.8557408,"total":2693.508613,"children":{"CollectObservations":{"count":17881920,"self":1793.4508031999999,"total":1794.7854499999999,"children":{"AgentInfo.ToProto":{"count":27936,"self":0.039626,"total":1.334662,"children":{"GenerateSensorData":{"count":27936,"self":1.2950359999999999,"total":1.2950359999999999,"children":null}}}}},"CollectDiscreteActionMasks":{"count":17881920,"self":8.4723759999999988,"total":8.4723759999999988,"children":null},"RequestDecision":{"count":17881920,"self":17.0908832,"total":845.395047,"children":{"AgentInfo.ToProto":{"count":17881920,"self":21.7127056,"total":828.304164,"children":{"GenerateSensorData":{"count":17881920,"self":806.5914368,"total":806.591458,"children":null}}}}}}},"DecideAction":{"count":1241799,"self":8931.45088,"total":8931.450571,"children":null},"AgentAct":{"count":1241799,"self":18.184323199999998,"total":18.184324,"children":null}},"gauges":{"Robot.CumulativeReward":{"count":27936,"max":266.2548,"min":-317.5277,"runningAverage":5.428465,"value":-145.1248,"weightedAverage":-52.8108635}},"metadata":{"timer_format_version":"0.1.0","start_time_seconds":"1607581460","unity_version":"2019.4.12f1","command_line_arguments":"\/home\/seungju\/LSTMSAC\/.\/Env\/Linux\/Env24.x86_64 --mlagents-port 5048","communication_protocol_version":"1.2.0","com.unity.ml-agents_version":"1.5.0-preview","scene_name":"Env24","end_time_seconds":"1607595715"}}