{"count":1,"self":5830.2181376,"total":33178.05752,"children":{"InitializeActuators":{"count":72,"self":0.0014629999999999999,"total":0.0014629999999999999,"children":null},"InitializeSensors":{"count":72,"self":0.000896,"total":0.000896,"children":null},"AgentSendState":{"count":2826161,"self":103.9746176,"total":6081.162117,"children":{"CollectObservations":{"count":40696776,"self":4059.4026495999997,"total":4062.416777,"children":{"AgentInfo.ToProto":{"count":63576,"self":0.089434,"total":3.014019,"children":{"GenerateSensorData":{"count":63576,"self":2.924585,"total":2.924585,"children":null}}}}},"CollectDiscreteActionMasks":{"count":40696776,"self":18.9267424,"total":18.926742,"children":null},"RequestDecision":{"count":40696776,"self":40.0159296,"total":1895.843979,"children":{"AgentInfo.ToProto":{"count":40696776,"self":48.774015999999996,"total":1855.828051,"children":{"GenerateSensorData":{"count":40696776,"self":1807.0540288,"total":1807.054036,"children":null}}}}}}},"DecideAction":{"count":2826161,"self":21221.128601599998,"total":21221.128505999997,"children":null},"AgentAct":{"count":2826161,"self":45.544847999999995,"total":45.544847999999995,"children":null}},"gauges":{"Robot.CumulativeReward":{"count":63576,"max":61.8475456,"min":-11588.418,"runningAverage":-118.231544,"value":-33.66653,"weightedAverage":-33.20289}},"metadata":{"timer_format_version":"0.1.0","start_time_seconds":"1607530989","unity_version":"2019.4.12f1","command_line_arguments":"\/home\/seungju\/LSTMSAC\/.\/Env\/Linux\/Env24.x86_64 --mlagents-port 5021","communication_protocol_version":"1.2.0","com.unity.ml-agents_version":"1.5.0-preview","scene_name":"Env24","end_time_seconds":"1607564167"}}