{"count":1,"self":381.0619392,"total":2356.6464419999998,"children":{"AgentSendState":{"count":113564,"self":0.71736499999999992,"total":8.9479949999999988,"children":{"CollectObservations":{"count":56782,"self":7.2670368,"total":7.2695909999999992,"children":{"AgentInfo.ToProto":{"count":160,"self":0.000752,"total":0.002554,"children":{"GenerateSensorData":{"count":160,"self":0.001802,"total":0.001802,"children":null}}}}},"CollectDiscreteActionMasks":{"count":56782,"self":0.048719,"total":0.048719,"children":null},"AgentInfo.ToProto":{"count":56782,"self":0.23000099999999998,"total":0.91231999999999991,"children":{"GenerateSensorData":{"count":56782,"self":0.682319,"total":0.682319,"children":null}}}}},"DecideAction":{"count":113564,"self":1966.4982016,"total":1966.4981,"children":null},"AgentAct":{"count":113564,"self":0.13577799999999998,"total":0.13577799999999998,"children":null}},"gauges":{"Robot.CumulativeReward":{"count":160,"max":49.15547,"min":-95.76089,"runningAverage":-14.2406559,"value":34.53007,"weightedAverage":-9.9147625}},"metadata":{"timer_format_version":"0.1.0","start_time_seconds":"1603859178","unity_version":"2019.4.12f1","command_line_arguments":"\/Users\/seungju\/Documents\/SAC\/.\/Env\/MacOs\/v4.app\/Contents\/MacOS\/Robot --mlagents-port 5059","communication_protocol_version":"1.0.0","com.unity.ml-agents_version":"1.0.5","scene_name":"SampleScene","end_time_seconds":"1603861535"}}