{"count":1,"self":154.1448448,"total":167.577532,"children":{"AgentSendState":{"count":8349,"self":0.122196,"total":2.4057809999999997,"children":{"CollectObservations":{"count":4176,"self":2.1184279999999998,"total":2.119237,"children":{"AgentInfo.ToProto":{"count":19,"self":0.00022099999999999998,"total":0.00080899999999999993,"children":{"GenerateSensorData":{"count":19,"self":0.000588,"total":0.000588,"children":null}}}}},"CollectDiscreteActionMasks":{"count":4176,"self":0.0060539999999999995,"total":0.0060539999999999995,"children":null},"AgentInfo.ToProto":{"count":4176,"self":0.030673,"total":0.158294,"children":{"GenerateSensorData":{"count":4176,"self":0.12762099999999998,"total":0.12762099999999998,"children":null}}}}},"DecideAction":{"count":8349,"self":11.0052928,"total":11.005293,"children":null},"AgentAct":{"count":8349,"self":0.016514,"total":0.016514,"children":null}},"gauges":{"Robot.CumulativeReward":{"count":19,"max":22.77468,"min":-93.81202,"runningAverage":-36.07842,"value":22.77468,"weightedAverage":-6.31110954}},"metadata":{"timer_format_version":"0.1.0","start_time_seconds":"1603807424","unity_version":"2019.4.12f1","command_line_arguments":"\/Users\/seungju\/Documents\/SAC\/.\/Env\/MacOs\/v4.app\/Contents\/MacOS\/Robot --mlagents-port 5044","communication_protocol_version":"1.0.0","com.unity.ml-agents_version":"1.0.5","scene_name":"SampleScene","end_time_seconds":"1603807591"}}