{"count":1,"self":2.112429,"total":5.6080229999999993,"children":{"InitializeActuators":{"count":1,"self":0.0015869999999999999,"total":0.0015869999999999999,"children":null},"InitializeSensors":{"count":1,"self":0.00087599999999999993,"total":0.00087599999999999993,"children":null},"AgentSendState":{"count":1019,"self":0.006613,"total":0.27657499999999996,"children":{"CollectObservations":{"count":204,"self":0.236673,"total":0.23676699999999998,"children":{"AgentInfo.ToProto":{"count":1,"self":9E-06,"total":9.4E-05,"children":{"GenerateSensorData":{"count":1,"self":8.4999999999999993E-05,"total":8.4999999999999993E-05,"children":null}}}}},"CollectDiscreteActionMasks":{"count":204,"self":0.000455,"total":0.000455,"children":null},"RequestDecision":{"count":204,"self":0.002665,"total":0.03274,"children":{"AgentInfo.ToProto":{"count":204,"self":0.0023079999999999997,"total":0.030074999999999998,"children":{"GenerateSensorData":{"count":204,"self":0.027767,"total":0.027767,"children":null}}}}}}},"DecideAction":{"count":1019,"self":3.211557,"total":3.211557,"children":null},"AgentAct":{"count":1019,"self":0.0028439999999999997,"total":0.0028439999999999997,"children":null}},"gauges":{"Robot.CumulativeReward":{"count":1,"max":-9.332645,"min":-9.332645,"runningAverage":-9.332645,"value":-9.332645,"weightedAverage":-9.332645}},"metadata":{"timer_format_version":"0.1.0","start_time_seconds":"1604554091","unity_version":"2019.4.12f1","command_line_arguments":"\/Users\/seungju\/Documents\/SAC\/.\/Env\/MacOs\/imgv4.app\/Contents\/MacOS\/Robot --mlagents-port 5031","communication_protocol_version":"1.2.0","com.unity.ml-agents_version":"1.5.0-preview","scene_name":"SampleScene","end_time_seconds":"1604554096"}}