{"count":1,"self":73.7282432,"total":732.963878,"children":{"InitializeActuators":{"count":48,"self":0.0018039999999999998,"total":0.0018039999999999998,"children":null},"InitializeSensors":{"count":48,"self":0.001501,"total":0.001501,"children":null},"AgentSendState":{"count":77158,"self":2.783819,"total":182.271592,"children":{"CollectObservations":{"count":740736,"self":115.1489536,"total":115.251238,"children":{"AgentInfo.ToProto":{"count":1210,"self":0.003688,"total":0.10228899999999999,"children":{"GenerateSensorData":{"count":1210,"self":0.098601,"total":0.098601,"children":null}}}}},"CollectDiscreteActionMasks":{"count":740736,"self":0.59743899999999994,"total":0.59743899999999994,"children":null},"RequestDecision":{"count":740736,"self":1.176342,"total":63.639095999999995,"children":{"AgentInfo.ToProto":{"count":740736,"self":1.6563759999999998,"total":62.462754,"children":{"GenerateSensorData":{"count":740736,"self":60.8063808,"total":60.806377999999995,"children":null}}}}}}},"DecideAction":{"count":77158,"self":476.24478719999996,"total":476.244777,"children":null},"AgentAct":{"count":77158,"self":0.713102,"total":0.713102,"children":null}},"gauges":{"Robot.CumulativeReward":{"count":1210,"max":9.653527,"min":-59.56075,"runningAverage":-30.02912,"value":-33.85856,"weightedAverage":-24.19338}},"metadata":{"timer_format_version":"0.1.0","start_time_seconds":"1606790284","unity_version":"2019.4.12f1","command_line_arguments":"\/Users\/seungju\/Documents\/SAC\/.\/Env\/MacOs\/Env16.app\/Contents\/MacOS\/Robot --mlagents-port 5066","communication_protocol_version":"1.2.0","com.unity.ml-agents_version":"1.5.0-preview","scene_name":"Env16","end_time_seconds":"1606791017"}}