{"count":1,"self":71.2871424,"total":618.854894,"children":{"InitializeActuators":{"count":48,"self":0.002264,"total":0.002264,"children":null},"InitializeSensors":{"count":48,"self":0.0017059999999999998,"total":0.0017059999999999998,"children":null},"AgentSendState":{"count":52396,"self":2.4327419999999997,"total":143.595259,"children":{"CollectObservations":{"count":503040,"self":90.4605376,"total":90.540634,"children":{"AgentInfo.ToProto":{"count":823,"self":0.003054,"total":0.080094,"children":{"GenerateSensorData":{"count":823,"self":0.07704,"total":0.07704,"children":null}}}}},"CollectDiscreteActionMasks":{"count":503040,"self":0.461478,"total":0.461478,"children":null},"RequestDecision":{"count":503040,"self":1.004336,"total":50.160405,"children":{"AgentInfo.ToProto":{"count":503040,"self":1.358584,"total":49.156068999999995,"children":{"GenerateSensorData":{"count":503040,"self":47.7974848,"total":47.797484999999995,"children":null}}}}}}},"DecideAction":{"count":52396,"self":403.3549056,"total":403.354903,"children":null},"AgentAct":{"count":52396,"self":0.61013699999999993,"total":0.61013699999999993,"children":null}},"gauges":{"Robot.CumulativeReward":{"count":823,"max":4.3841753,"min":-54.6011963,"runningAverage":-29.9065113,"value":-24.1290359,"weightedAverage":-29.0570679}},"metadata":{"timer_format_version":"0.1.0","start_time_seconds":"1606752925","unity_version":"2019.4.12f1","command_line_arguments":"\/Users\/seungju\/Documents\/SAC\/.\/Env\/MacOs\/Env16.app\/Contents\/MacOS\/Robot --mlagents-port 5033","communication_protocol_version":"1.2.0","com.unity.ml-agents_version":"1.5.0-preview","scene_name":"Env16","end_time_seconds":"1606753544"}}