{"count":1,"self":1.029367,"total":16.993506,"children":{"InitializeActuators":{"count":48,"self":0.0018,"total":0.0018,"children":null},"InitializeSensors":{"count":48,"self":0.001031,"total":0.001031,"children":null},"AgentSendState":{"count":656,"self":0.027417,"total":5.1373299999999995,"children":{"CollectObservations":{"count":6336,"self":4.6615648,"total":4.6624799999999995,"children":{"AgentInfo.ToProto":{"count":12,"self":4.7E-05,"total":0.00091499999999999991,"children":{"GenerateSensorData":{"count":12,"self":0.000868,"total":0.000868,"children":null}}}}},"CollectDiscreteActionMasks":{"count":6336,"self":0.0056029999999999995,"total":0.0056029999999999995,"children":null},"RequestDecision":{"count":6336,"self":0.012596999999999999,"total":0.44183,"children":{"AgentInfo.ToProto":{"count":6336,"self":0.014589,"total":0.429233,"children":{"GenerateSensorData":{"count":6336,"self":0.41464399999999996,"total":0.41464399999999996,"children":null}}}}}}},"DecideAction":{"count":656,"self":10.8157072,"total":10.815707,"children":null},"AgentAct":{"count":656,"self":0.0061839999999999994,"total":0.0061839999999999994,"children":null}},"gauges":{"Robot.CumulativeReward":{"count":12,"max":11.4753942,"min":-47.73066,"runningAverage":-13.4493332,"value":-4.967104,"weightedAverage":-12.7740946}},"metadata":{"timer_format_version":"0.1.0","start_time_seconds":"1606109003","unity_version":"2019.4.12f1","command_line_arguments":"\/Users\/seungju\/Documents\/SAC\/.\/Env\/MacOs\/Env16.app\/Contents\/MacOS\/Robot --mlagents-port 5033","communication_protocol_version":"1.2.0","com.unity.ml-agents_version":"1.5.0-preview","scene_name":"Env16","end_time_seconds":"1606109020"}}