{"count":1,"self":12.054563199999999,"total":254.66921699999997,"children":{"InitializeActuators":{"count":64,"self":0.0012439999999999999,"total":0.0012439999999999999,"children":null},"InitializeSensors":{"count":64,"self":0.001249,"total":0.001249,"children":null},"AgentSendState":{"count":6402,"self":0.089208,"total":14.68954,"children":{"CollectObservations":{"count":41024,"self":12.7713672,"total":12.771367,"children":null},"CollectDiscreteActionMasks":{"count":41024,"self":0.014995999999999999,"total":0.014995999999999999,"children":null},"RequestDecision":{"count":41024,"self":0.037427999999999996,"total":1.813969,"children":{"AgentInfo.ToProto":{"count":41024,"self":0.04258,"total":1.776541,"children":{"GenerateSensorData":{"count":41024,"self":1.7339609999999999,"total":1.7339609999999999,"children":null}}}}}}},"DecideAction":{"count":6402,"self":227.88108799999998,"total":227.881089,"children":null},"AgentAct":{"count":6402,"self":0.040049,"total":0.040049,"children":null}},"gauges":{},"metadata":{"timer_format_version":"0.1.0","start_time_seconds":"1610616166","unity_version":"2019.4.12f1","command_line_arguments":"\/home\/seungju\/LSTMSAC\/.\/Env\/Linux\/Env08_long.x86_64 --mlagents-port 5093","communication_protocol_version":"1.2.0","com.unity.ml-agents_version":"1.5.0-preview","scene_name":"Env16","end_time_seconds":"1610616420"}}