{"count":1,"self":271.8809344,"total":2514.721232,"children":{"AgentSendState":{"count":54401,"self":1.0470359999999999,"total":461.851613,"children":{"CollectObservations":{"count":87048,"self":63.489561599999995,"total":63.489560999999995,"children":null},"CollectDiscreteActionMasks":{"count":87048,"self":0.081506,"total":0.081506,"children":null},"AgentInfo.ToProto":{"count":87048,"self":0.46989499999999995,"total":397.23350999999997,"children":{"GenerateSensorData":{"count":87048,"self":10.2155072,"total":396.76361499999996,"children":{"RenderTextureSensor.GetCompressedObservation":{"count":87048,"self":386.548096,"total":386.54810799999996,"children":null}}}}}}},"DecideAction":{"count":54401,"self":1780.9049599999998,"total":1780.904865,"children":null},"AgentAct":{"count":54401,"self":0.082338,"total":0.082338,"children":null}},"gauges":{},"metadata":{"timer_format_version":"0.1.0","start_time_seconds":"1612947132","unity_version":"2020.2.2f1","command_line_arguments":"\/home\/seungju\/LSTMSAC\/.\/Env\/Linux\/Cargo_8_easy.x86_64 --mlagents-port 5327","communication_protocol_version":"1.0.0","com.unity.ml-agents_version":"1.0.6","scene_name":"DemoEnv","end_time_seconds":"1612949646"}}