{"count":1,"self":1027.9786496,"total":21722.218648,"children":{"AgentSendState":{"count":218417,"self":4.434672,"total":1869.0022979999999,"children":{"CollectObservations":{"count":349472,"self":264.7323904,"total":264.732389,"children":null},"CollectDiscreteActionMasks":{"count":349472,"self":0.342479,"total":0.342479,"children":null},"AgentInfo.ToProto":{"count":349472,"self":2.6612839999999998,"total":1599.4927579999999,"children":{"GenerateSensorData":{"count":349472,"self":36.1485408,"total":1596.8314739999998,"children":{"RenderTextureSensor.GetCompressedObservation":{"count":349472,"self":1560.6829056,"total":1560.682934,"children":null}}}}}}},"DecideAction":{"count":218417,"self":18824.862105599997,"total":18824.862226999998,"children":null},"AgentAct":{"count":218417,"self":0.37334799999999996,"total":0.37334799999999996,"children":null}},"gauges":{},"metadata":{"timer_format_version":"0.1.0","start_time_seconds":"1612966749","unity_version":"2020.2.2f1","command_line_arguments":"\/home\/seungju\/LSTMSAC\/.\/Env\/Linux\/Cargo_8_easy.x86_64 --mlagents-port 5327","communication_protocol_version":"1.0.0","com.unity.ml-agents_version":"1.0.6","scene_name":"DemoEnv","end_time_seconds":"1612988468"}}