{"count":1,"self":381.8619136,"total":37781.877733,"children":{"AgentSendState":{"count":952361,"self":43.347203199999996,"total":10692.442406,"children":{"CollectObservations":{"count":12147075,"self":3394.1303295999996,"total":3394.1302339999997,"children":null},"CollectDiscreteActionMasks":{"count":12147072,"self":4.4596152,"total":4.4596149999999994,"children":null},"AgentInfo.ToProto":{"count":12147072,"self":23.5007616,"total":7250.505353,"children":{"GenerateSensorData":{"count":12147072,"self":301.5820288,"total":7227.004591,"children":{"RenderTextureSensor.GetCompressedObservation":{"count":12147072,"self":6925.422592,"total":6925.422557,"children":null}}}}}}},"DecideAction":{"count":952358,"self":26706.249318399998,"total":26706.248865999998,"children":null},"AgentAct":{"count":952358,"self":1.3233899999999998,"total":1.3233899999999998,"children":null}},"gauges":{},"metadata":{"timer_format_version":"0.1.0","start_time_seconds":"1612892736","unity_version":"2020.2.2f1","command_line_arguments":"\/home\/seungju\/LSTMSAC\/.\/Env\/Linux\/Cargo_64_easy.x86_64 --mlagents-port 5101","communication_protocol_version":"1.0.0","com.unity.ml-agents_version":"1.0.6","scene_name":"DemoEnv","end_time_seconds":"1612930518"}}