{"count":1,"self":212.71066879999998,"total":1214.1053239999999,"children":{"AgentSendState":{"count":220271,"self":1.4896509999999998,"total":379.445917,"children":{"CollectObservations":{"count":281858,"self":94.176512,"total":94.176510999999991,"children":null},"CollectDiscreteActionMasks":{"count":281856,"self":0.12592499999999998,"total":0.12592499999999998,"children":null},"AgentInfo.ToProto":{"count":281856,"self":0.720194,"total":283.65382999999997,"children":{"GenerateSensorData":{"count":281856,"self":8.765544,"total":282.933636,"children":{"RenderTextureSensor.GetCompressedObservation":{"count":281856,"self":274.1680896,"total":274.168092,"children":null}}}}}}},"DecideAction":{"count":220269,"self":621.7711616,"total":621.77118699999994,"children":null},"AgentAct":{"count":220269,"self":0.17596,"total":0.17596,"children":null}},"gauges":{},"metadata":{"timer_format_version":"0.1.0","start_time_seconds":"1612859739","unity_version":"2020.2.2f1","command_line_arguments":"\/home\/seungju\/LSTMSAC\/.\/Env\/Linux\/Cargo_64_easy.x86_64 --mlagents-port 5095","communication_protocol_version":"1.0.0","com.unity.ml-agents_version":"1.0.6","scene_name":"DemoEnv","end_time_seconds":"1612860953"}}