{"count":1,"self":2388.3380736,"total":3970.5902739999997,"children":{"InitializeActuators":{"count":6,"self":0.0019649999999999997,"total":0.0019649999999999997,"children":null},"InitializeSensors":{"count":6,"self":0.00089399999999999994,"total":0.00089399999999999994,"children":null},"AgentSendState":{"count":334020,"self":4.3269991999999995,"total":175.711469,"children":{"CollectObservations":{"count":400824,"self":108.9760384,"total":109.043944,"children":{"AgentInfo.ToProto":{"count":414,"self":0.0026,"total":0.067905,"children":{"GenerateSensorData":{"count":414,"self":0.065305,"total":0.065305,"children":null}}}}},"CollectDiscreteActionMasks":{"count":400824,"self":0.643647,"total":0.643647,"children":null},"RequestDecision":{"count":400824,"self":1.4524439999999998,"total":61.696878999999996,"children":{"AgentInfo.ToProto":{"count":400824,"self":2.04447,"total":60.244434999999996,"children":{"GenerateSensorData":{"count":400824,"self":58.199968,"total":58.199965,"children":null}}}}}}},"DecideAction":{"count":334020,"self":1404.9038335999999,"total":1404.903824,"children":null},"AgentAct":{"count":334020,"self":1.6288749999999999,"total":1.6288749999999999,"children":null}},"gauges":{"Robot.CumulativeReward":{"count":414,"max":24.8622322,"min":-216.60965,"runningAverage":-10.43757,"value":-1.25322914,"weightedAverage":-1.946662}},"metadata":{"timer_format_version":"0.1.0","start_time_seconds":"1607652692","unity_version":"2019.4.12f1","command_line_arguments":"\/Users\/seungju\/Documents\/SAC\/.\/Env\/MacOs\/Env02.app\/Contents\/MacOS\/Robot --mlagents-port 5094","communication_protocol_version":"1.2.0","com.unity.ml-agents_version":"1.5.0-preview","scene_name":"Env72","end_time_seconds":"1607656662"}}