{"count":1,"self":551.0617088,"total":7113.7417259999993,"children":{"InitializeActuators":{"count":3,"self":0.002533,"total":0.002533,"children":null},"InitializeSensors":{"count":3,"self":0.0009,"total":0.0009,"children":null},"AgentSendState":{"count":707746,"self":4.3127128,"total":147.39553899999999,"children":{"CollectObservations":{"count":424650,"self":85.1860864,"total":85.856754999999993,"children":{"AgentInfo.ToProto":{"count":5057,"self":0.024631,"total":0.67067,"children":{"GenerateSensorData":{"count":5057,"self":0.64603899999999992,"total":0.64603899999999992,"children":null}}}}},"CollectDiscreteActionMasks":{"count":424650,"self":0.514624,"total":0.514624,"children":null},"RequestDecision":{"count":424650,"self":1.2117909999999998,"total":56.711447,"children":{"AgentInfo.ToProto":{"count":424650,"self":2.018983,"total":55.499655999999995,"children":{"GenerateSensorData":{"count":424650,"self":53.480672,"total":53.480672999999996,"children":null}}}}}}},"DecideAction":{"count":707746,"self":6413.3177344,"total":6413.317647,"children":null},"AgentAct":{"count":707746,"self":1.959838,"total":1.959838,"children":null}},"gauges":{"Robot.CumulativeReward":{"count":5057,"max":68.82684,"min":-57.5698128,"runningAverage":16.72379,"value":13.9576654,"weightedAverage":16.6701946}},"metadata":{"timer_format_version":"0.1.0","start_time_seconds":"1606927616","unity_version":"2019.4.12f1","command_line_arguments":"\/Users\/seungju\/Documents\/SAC\/.\/Env\/MacOs\/easyEnv01.app\/Contents\/MacOS\/Robot --mlagents-port 5047","communication_protocol_version":"1.2.0","com.unity.ml-agents_version":"1.5.0-preview","scene_name":"Env01","end_time_seconds":"1606934729"}}