{"count":1,"self":687.0723072,"total":38634.745558999995,"children":{"InitializeActuators":{"count":15,"self":0.001682,"total":0.001682,"children":null},"InitializeSensors":{"count":15,"self":0.0010329999999999998,"total":0.0010329999999999998,"children":null},"AgentSendState":{"count":1669397,"self":20.2320048,"total":4102.250934,"children":{"CollectObservations":{"count":5008200,"self":3681.0788863999996,"total":3682.144311,"children":{"AgentInfo.ToProto":{"count":13430,"self":0.039657,"total":1.0653,"children":{"GenerateSensorData":{"count":13430,"self":1.0256429999999999,"total":1.0256429999999999,"children":null}}}}},"CollectDiscreteActionMasks":{"count":5008200,"self":3.6076151999999997,"total":3.607615,"children":null},"RequestDecision":{"count":5008200,"self":7.7866159999999995,"total":396.267003,"children":{"AgentInfo.ToProto":{"count":5008200,"self":10.8543448,"total":388.480387,"children":{"GenerateSensorData":{"count":5008200,"self":377.6260352,"total":377.626042,"children":null}}}}}}},"DecideAction":{"count":1669397,"self":33839.693824,"total":33839.694333,"children":null},"AgentAct":{"count":1669397,"self":5.7230232,"total":5.7230229999999995,"children":null}},"gauges":{"Robot.CumulativeReward":{"count":13430,"max":38.7302628,"min":-183.034958,"runningAverage":-75.34828,"value":-98.92664,"weightedAverage":-83.68056}},"metadata":{"timer_format_version":"0.1.0","start_time_seconds":"1605027086","unity_version":"2019.4.12f1","command_line_arguments":"\/Users\/seungju\/Documents\/SAC\/.\/Env\/MacOs\/4MoreSimpleEnv_1440.app\/Contents\/MacOS\/Robot --mlagents-port 5083","communication_protocol_version":"1.2.0","com.unity.ml-agents_version":"1.5.0-preview","scene_name":"simpleEnv","end_time_seconds":"1605065721"}}