{"count":1,"self":36.229292799999996,"total":97.170640999999989,"children":{"InitializeActuators":{"count":96,"self":0.0013809999999999998,"total":0.0013809999999999998,"children":null},"InitializeSensors":{"count":96,"self":0.000995,"total":0.000995,"children":null},"AgentSendState":{"count":4726,"self":0.319702,"total":26.702668,"children":{"CollectObservations":{"count":90816,"self":21.1943488,"total":21.20921,"children":{"AgentInfo.ToProto":{"count":275,"self":0.000647,"total":0.014861,"children":{"GenerateSensorData":{"count":275,"self":0.014214,"total":0.014214,"children":null}}}}},"CollectDiscreteActionMasks":{"count":90816,"self":0.058857,"total":0.058857,"children":null},"RequestDecision":{"count":90816,"self":0.12920199999999998,"total":5.1148989999999994,"children":{"AgentInfo.ToProto":{"count":90816,"self":0.145886,"total":4.985697,"children":{"GenerateSensorData":{"count":90816,"self":4.8398112,"total":4.839811,"children":null}}}}}}},"DecideAction":{"count":4726,"self":34.1491872,"total":34.149187999999995,"children":null},"AgentAct":{"count":4726,"self":0.085610999999999993,"total":0.085610999999999993,"children":null}},"gauges":{"Robot.CumulativeReward":{"count":275,"max":126.977829,"min":-18.3750248,"runningAverage":47.31727,"value":107.9894,"weightedAverage":48.2321}},"metadata":{"timer_format_version":"0.1.0","start_time_seconds":"1609036335","unity_version":"2019.4.12f1","command_line_arguments":"\/home\/seungju\/LSTMSAC\/.\/Env\/Linux\/Lotte32.x86_64 --mlagents-port 5072","communication_protocol_version":"1.2.0","com.unity.ml-agents_version":"1.5.0-preview","scene_name":"LotteEnv","end_time_seconds":"1609036433"}}