{"count":1,"self":48.2627616,"total":97.662269999999992,"children":{"InitializeActuators":{"count":256,"self":0.0017829999999999999,"total":0.0017829999999999999,"children":null},"InitializeSensors":{"count":256,"self":0.003624,"total":0.003624,"children":null},"AgentSendState":{"count":4846,"self":0.64518599999999993,"total":48.862783,"children":{"CollectObservations":{"count":248320,"self":45.1531552,"total":45.153154,"children":null},"CollectDiscreteActionMasks":{"count":248320,"self":0.11790099999999999,"total":0.11790099999999999,"children":null},"RequestDecision":{"count":248320,"self":2.946542,"total":2.946542,"children":null}}},"DecideAction":{"count":4846,"self":0.32600199999999996,"total":0.32600199999999996,"children":null},"AgentAct":{"count":4846,"self":0.20371699999999998,"total":0.20371699999999998,"children":null}},"gauges":{},"metadata":{"timer_format_version":"0.1.0","start_time_seconds":"1610704622","unity_version":"2019.4.12f1","command_line_arguments":"\/home\/seungju\/LSTMSAC\/Env\/Linux\/Lotte32.x86_64","communication_protocol_version":"1.2.0","com.unity.ml-agents_version":"1.5.0-preview","scene_name":"LotteEnv","end_time_seconds":"1610704719"}}