{"count":1,"self":5.3589392,"total":133.06878899999998,"children":{"InitializeActuators":{"count":256,"self":0.0017419999999999998,"total":0.0017419999999999998,"children":null},"InitializeSensors":{"count":256,"self":0.002665,"total":0.002665,"children":null},"AgentSendState":{"count":1637,"self":0.18948099999999998,"total":38.393122,"children":{"CollectObservations":{"count":83968,"self":35.0635456,"total":35.063547,"children":null},"CollectDiscreteActionMasks":{"count":83968,"self":0.034533999999999995,"total":0.034533999999999995,"children":null},"RequestDecision":{"count":83968,"self":0.076232,"total":3.1055599999999997,"children":{"AgentInfo.ToProto":{"count":83968,"self":0.085617,"total":3.029328,"children":{"GenerateSensorData":{"count":83968,"self":2.943711,"total":2.943711,"children":null}}}}}}},"DecideAction":{"count":1637,"self":89.263647999999989,"total":89.263646999999992,"children":null},"AgentAct":{"count":1637,"self":0.047284,"total":0.047284,"children":null}},"gauges":{},"metadata":{"timer_format_version":"0.1.0","start_time_seconds":"1610698141","unity_version":"2019.4.12f1","command_line_arguments":"\/home\/seungju\/LSTMSAC\/.\/Env\/Linux\/Lotte32.x86_64 --mlagents-port 5102","communication_protocol_version":"1.2.0","com.unity.ml-agents_version":"1.5.0-preview","scene_name":"LotteEnv","end_time_seconds":"1610698274"}}