{"count":1,"self":41.956134399999996,"total":115.776495,"children":{"InitializeActuators":{"count":96,"self":0.0013599999999999999,"total":0.0013599999999999999,"children":null},"InitializeSensors":{"count":96,"self":0.0009549999999999999,"total":0.0009549999999999999,"children":null},"AgentSendState":{"count":5665,"self":0.36305299999999996,"total":32.170186,"children":{"CollectObservations":{"count":108768,"self":25.3276656,"total":25.327665999999997,"children":null},"CollectDiscreteActionMasks":{"count":108768,"self":0.066814,"total":0.066814,"children":null},"RequestDecision":{"count":108768,"self":0.15351599999999999,"total":6.412653,"children":{"AgentInfo.ToProto":{"count":108768,"self":0.17679599999999998,"total":6.259137,"children":{"GenerateSensorData":{"count":108768,"self":6.0823408,"total":6.0823409999999996,"children":null}}}}}}},"DecideAction":{"count":5665,"self":41.5528544,"total":41.552853999999996,"children":null},"AgentAct":{"count":5665,"self":0.093532999999999991,"total":0.093532999999999991,"children":null}},"gauges":{},"metadata":{"timer_format_version":"0.1.0","start_time_seconds":"1609041646","unity_version":"2019.4.12f1","command_line_arguments":"\/home\/seungju\/LSTMSAC\/.\/Env\/Linux\/Lotte32.x86_64 --mlagents-port 5051","communication_protocol_version":"1.2.0","com.unity.ml-agents_version":"1.5.0-preview","scene_name":"LotteEnv","end_time_seconds":"1609041762"}}