{"count":1,"self":59.6201216,"total":155.659045,"children":{"InitializeActuators":{"count":96,"self":0.0013549999999999999,"total":0.0013549999999999999,"children":null},"InitializeSensors":{"count":96,"self":0.00096999999999999994,"total":0.00096999999999999994,"children":null},"AgentSendState":{"count":7646,"self":0.492266,"total":41.876323,"children":{"CollectObservations":{"count":146880,"self":33.277167999999996,"total":33.302278,"children":{"AgentInfo.ToProto":{"count":456,"self":0.001088,"total":0.02511,"children":{"GenerateSensorData":{"count":456,"self":0.024021999999999998,"total":0.024021999999999998,"children":null}}}}},"CollectDiscreteActionMasks":{"count":146880,"self":0.089523999999999992,"total":0.089523999999999992,"children":null},"RequestDecision":{"count":146880,"self":0.196237,"total":7.9922549999999992,"children":{"AgentInfo.ToProto":{"count":146880,"self":0.236221,"total":7.7960179999999992,"children":{"GenerateSensorData":{"count":146880,"self":7.5597968,"total":7.559797,"children":null}}}}}}},"DecideAction":{"count":7646,"self":54.034752,"total":54.034754,"children":null},"AgentAct":{"count":7646,"self":0.12404,"total":0.12404,"children":null}},"gauges":{"Robot.CumulativeReward":{"count":456,"max":130.850281,"min":2.63416314,"runningAverage":36.4361534,"value":9.33807,"weightedAverage":17.3136349}},"metadata":{"timer_format_version":"0.1.0","start_time_seconds":"1609036673","unity_version":"2019.4.12f1","command_line_arguments":"\/home\/seungju\/LSTMSAC\/.\/Env\/Linux\/Lotte32.x86_64 --mlagents-port 5075","communication_protocol_version":"1.2.0","com.unity.ml-agents_version":"1.5.0-preview","scene_name":"LotteEnv","end_time_seconds":"1609036829"}}