{"count":1,"self":14.3663344,"total":456.72114,"children":{"InitializeActuators":{"count":48,"self":0.001215,"total":0.001215,"children":null},"InitializeSensors":{"count":48,"self":0.001242,"total":0.001242,"children":null},"AgentSendState":{"count":25372,"self":0.545383,"total":143.357274,"children":{"CollectObservations":{"count":243600,"self":131.445056,"total":131.502052,"children":{"AgentInfo.ToProto":{"count":1255,"self":0.0021939999999999998,"total":0.056999999999999995,"children":{"GenerateSensorData":{"count":1255,"self":0.054806,"total":0.054806,"children":null}}}}},"CollectDiscreteActionMasks":{"count":243600,"self":0.095740999999999993,"total":0.095740999999999993,"children":null},"RequestDecision":{"count":243600,"self":0.22904999999999998,"total":11.214098,"children":{"AgentInfo.ToProto":{"count":243600,"self":0.282038,"total":10.985047999999999,"children":{"GenerateSensorData":{"count":243600,"self":10.7030096,"total":10.703009999999999,"children":null}}}}}}},"DecideAction":{"count":25372,"self":298.8493568,"total":298.84936899999997,"children":null},"AgentAct":{"count":25372,"self":0.14431,"total":0.14431,"children":null}},"gauges":{"Robot.CumulativeReward":{"count":1255,"max":25.5085487,"min":-343.0932,"runningAverage":-82.1890259,"value":-53.04609,"weightedAverage":-79.73134}},"metadata":{"timer_format_version":"0.1.0","start_time_seconds":"1605159990","unity_version":"2019.4.12f1","command_line_arguments":"\/home\/seungju\/RL\/.\/Env\/Linux\/v4\/16MoreSimpleEnv_1440.x86_64 --mlagents-port 5093","communication_protocol_version":"1.2.0","com.unity.ml-agents_version":"1.5.0-preview","scene_name":"simpleEnv","end_time_seconds":"1605160447"}}