{"count":1,"self":2.556702,"total":47.500322999999995,"children":{"InitializeActuators":{"count":48,"self":0.001243,"total":0.001243,"children":null},"InitializeSensors":{"count":48,"self":0.001237,"total":0.001237,"children":null},"AgentSendState":{"count":3016,"self":0.076193,"total":16.046822,"children":{"CollectObservations":{"count":28992,"self":14.5682,"total":14.572439999999999,"children":{"AgentInfo.ToProto":{"count":82,"self":0.00015999999999999999,"total":0.00424,"children":{"GenerateSensorData":{"count":82,"self":0.0040799999999999994,"total":0.0040799999999999994,"children":null}}}}},"CollectDiscreteActionMasks":{"count":28992,"self":0.013174,"total":0.013174,"children":null},"RequestDecision":{"count":28992,"self":0.030306999999999997,"total":1.3850149999999999,"children":{"AgentInfo.ToProto":{"count":28992,"self":0.037575,"total":1.354708,"children":{"GenerateSensorData":{"count":28992,"self":1.3171329999999999,"total":1.3171329999999999,"children":null}}}}}}},"DecideAction":{"count":3016,"self":28.8726272,"total":28.872628,"children":null},"AgentAct":{"count":3016,"self":0.020291999999999998,"total":0.020291999999999998,"children":null}},"gauges":{"Robot.CumulativeReward":{"count":82,"max":18.9381771,"min":-125.921356,"runningAverage":-68.98101,"value":-78.8957443,"weightedAverage":-57.25016}},"metadata":{"timer_format_version":"0.1.0","start_time_seconds":"1605071178","unity_version":"2019.4.12f1","command_line_arguments":"\/home\/seungju\/RL\/.\/Env\/Linux\/v4\/16MoreSimpleEnv_1440.x86_64 --mlagents-port 5086","communication_protocol_version":"1.2.0","com.unity.ml-agents_version":"1.5.0-preview","scene_name":"simpleEnv","end_time_seconds":"1605071225"}}