{"count":1,"self":32.1894304,"total":1076.625492,"children":{"InitializeActuators":{"count":48,"self":0.00122,"total":0.00122,"children":null},"InitializeSensors":{"count":48,"self":0.001222,"total":0.001222,"children":null},"AgentSendState":{"count":58997,"self":1.2833599999999998,"total":331.367033,"children":{"CollectObservations":{"count":566400,"self":305.32416,"total":305.39194699999996,"children":{"AgentInfo.ToProto":{"count":1526,"self":0.002538,"total":0.067778999999999992,"children":{"GenerateSensorData":{"count":1526,"self":0.065241,"total":0.065241,"children":null}}}}},"CollectDiscreteActionMasks":{"count":566400,"self":0.216083,"total":0.216083,"children":null},"RequestDecision":{"count":566400,"self":0.523756,"total":24.475642999999998,"children":{"AgentInfo.ToProto":{"count":566400,"self":0.65411999999999992,"total":23.951887,"children":{"GenerateSensorData":{"count":566400,"self":23.2977664,"total":23.297767,"children":null}}}}}}},"DecideAction":{"count":58997,"self":712.7250432,"total":712.725053,"children":null},"AgentAct":{"count":58997,"self":0.34002899999999997,"total":0.34002899999999997,"children":null}},"gauges":{"Robot.CumulativeReward":{"count":1526,"max":33.716835,"min":-174.916138,"runningAverage":-74.20017,"value":-41.73758,"weightedAverage":-55.7080154}},"metadata":{"timer_format_version":"0.1.0","start_time_seconds":"1605166289","unity_version":"2019.4.12f1","command_line_arguments":"\/home\/seungju\/RL\/.\/Env\/Linux\/v4\/16MoreSimpleEnv_1440.x86_64 --mlagents-port 5020","communication_protocol_version":"1.2.0","com.unity.ml-agents_version":"1.5.0-preview","scene_name":"simpleEnv","end_time_seconds":"1605167365"}}