{"count":1,"self":352.433536,"total":9537.383914,"children":{"InitializeActuators":{"count":48,"self":0.0012029999999999999,"total":0.0012029999999999999,"children":null},"InitializeSensors":{"count":48,"self":0.001207,"total":0.001207,"children":null},"AgentSendState":{"count":669288,"self":13.682678399999999,"total":3748.050046,"children":{"CollectObservations":{"count":6425184,"self":3454.1289472,"total":3455.7918059999997,"children":{"AgentInfo.ToProto":{"count":36989,"self":0.054010999999999997,"total":1.662736,"children":{"GenerateSensorData":{"count":36989,"self":1.608725,"total":1.608725,"children":null}}}}},"CollectDiscreteActionMasks":{"count":6425184,"self":2.270009,"total":2.270009,"children":null},"RequestDecision":{"count":6425184,"self":5.7654819999999996,"total":276.305553,"children":{"AgentInfo.ToProto":{"count":6425184,"self":7.0928472,"total":270.540071,"children":{"GenerateSensorData":{"count":6425184,"self":263.4472192,"total":263.447224,"children":null}}}}}}},"DecideAction":{"count":669288,"self":5433.27232,"total":5433.27236,"children":null},"AgentAct":{"count":669288,"self":3.624192,"total":3.624192,"children":null}},"gauges":{"Robot.CumulativeReward":{"count":36989,"max":68.74295,"min":-181.633255,"runningAverage":-72.8458,"value":-66.9864044,"weightedAverage":-72.53734}},"metadata":{"timer_format_version":"0.1.0","start_time_seconds":"1605112003","unity_version":"2019.4.12f1","command_line_arguments":"\/home\/seungju\/RL\/.\/Env\/Linux\/v4\/16MoreSimpleEnv_1440.x86_64 --mlagents-port 5090","communication_protocol_version":"1.2.0","com.unity.ml-agents_version":"1.5.0-preview","scene_name":"simpleEnv","end_time_seconds":"1605121540"}}