{"count":1,"self":71.7213376,"total":2182.101687,"children":{"InitializeActuators":{"count":48,"self":0.0012129999999999999,"total":0.0012129999999999999,"children":null},"InitializeSensors":{"count":48,"self":0.0012469999999999998,"total":0.0012469999999999998,"children":null},"AgentSendState":{"count":132096,"self":2.957357,"total":737.37049,"children":{"CollectObservations":{"count":1268160,"self":678.1351424,"total":678.30122899999992,"children":{"AgentInfo.ToProto":{"count":3579,"self":0.008125,"total":0.166076,"children":{"GenerateSensorData":{"count":3579,"self":0.15795099999999998,"total":0.15795099999999998,"children":null}}}}},"CollectDiscreteActionMasks":{"count":1268160,"self":0.508108,"total":0.508108,"children":null},"RequestDecision":{"count":1268160,"self":1.2053049999999998,"total":55.603795999999996,"children":{"AgentInfo.ToProto":{"count":1268160,"self":1.534714,"total":54.398491,"children":{"GenerateSensorData":{"count":1268160,"self":52.863775999999994,"total":52.863777,"children":null}}}}}}},"DecideAction":{"count":132096,"self":1372.2227712,"total":1372.22281,"children":null},"AgentAct":{"count":132096,"self":0.783117,"total":0.783117,"children":null}},"gauges":{"Robot.CumulativeReward":{"count":3579,"max":36.3436356,"min":-181.398285,"runningAverage":-75.54273,"value":-74.56957,"weightedAverage":-63.5720978}},"metadata":{"timer_format_version":"0.1.0","start_time_seconds":"1605078237","unity_version":"2019.4.12f1","command_line_arguments":"\/home\/seungju\/RL\/.\/Env\/Linux\/v4\/16MoreSimpleEnv_1440.x86_64 --mlagents-port 5069","communication_protocol_version":"1.2.0","com.unity.ml-agents_version":"1.5.0-preview","scene_name":"simpleEnv","end_time_seconds":"1605080419"}}