{"count":1,"self":548.9993728,"total":15990.938161,"children":{"InitializeActuators":{"count":48,"self":0.001228,"total":0.001228,"children":null},"InitializeSensors":{"count":48,"self":0.00131,"total":0.00131,"children":null},"AgentSendState":{"count":1033223,"self":21.0782976,"total":5771.8607409999995,"children":{"CollectObservations":{"count":9918960,"self":5320.54016,"total":5323.329263,"children":{"AgentInfo.ToProto":{"count":63466,"self":0.10432999999999999,"total":2.789223,"children":{"GenerateSensorData":{"count":63466,"self":2.6848929999999998,"total":2.6848929999999998,"children":null}}}}},"CollectDiscreteActionMasks":{"count":9918960,"self":3.6324912,"total":3.632491,"children":null},"RequestDecision":{"count":9918960,"self":8.7903872,"total":423.82068999999996,"children":{"AgentInfo.ToProto":{"count":9918960,"self":11.1629968,"total":415.030303,"children":{"GenerateSensorData":{"count":9918960,"self":403.8673152,"total":403.867306,"children":null}}}}}}},"DecideAction":{"count":1033223,"self":9664.1671168,"total":9664.167451,"children":null},"AgentAct":{"count":1033223,"self":5.906448,"total":5.906448,"children":null}},"gauges":{"Robot.CumulativeReward":{"count":63466,"max":62.0314064,"min":-182.4643,"runningAverage":-71.84695,"value":-122.424393,"weightedAverage":-85.7823257}},"metadata":{"timer_format_version":"0.1.0","start_time_seconds":"1605093329","unity_version":"2019.4.12f1","command_line_arguments":"\/home\/seungju\/RL\/.\/Env\/Linux\/v4\/16MoreSimpleEnv_1440.x86_64 --mlagents-port 5044","communication_protocol_version":"1.2.0","com.unity.ml-agents_version":"1.5.0-preview","scene_name":"simpleEnv","end_time_seconds":"1605109320"}}