{"count":1,"self":14.8350256,"total":530.066589,"children":{"InitializeActuators":{"count":48,"self":0.001227,"total":0.001227,"children":null},"InitializeSensors":{"count":48,"self":0.001261,"total":0.001261,"children":null},"AgentSendState":{"count":26616,"self":0.561304,"total":147.856143,"children":{"CollectObservations":{"count":255552,"self":136.2833664,"total":136.311867,"children":{"AgentInfo.ToProto":{"count":667,"self":0.0010559999999999999,"total":0.028506999999999998,"children":{"GenerateSensorData":{"count":667,"self":0.027451,"total":0.027451,"children":null}}}}},"CollectDiscreteActionMasks":{"count":255552,"self":0.09285,"total":0.09285,"children":null},"RequestDecision":{"count":255552,"self":0.227652,"total":10.890122,"children":{"AgentInfo.ToProto":{"count":255552,"self":0.292533,"total":10.662469999999999,"children":{"GenerateSensorData":{"count":255552,"self":10.3699368,"total":10.369937,"children":null}}}}}}},"DecideAction":{"count":26616,"self":367.22196479999997,"total":367.221965,"children":null},"AgentAct":{"count":26616,"self":0.14957099999999998,"total":0.14957099999999998,"children":null}},"gauges":{"Robot.CumulativeReward":{"count":667,"max":33.66653,"min":-145.494064,"runningAverage":-74.573204,"value":-75.9631653,"weightedAverage":-73.7844543}},"metadata":{"timer_format_version":"0.1.0","start_time_seconds":"1605092795","unity_version":"2019.4.12f1","command_line_arguments":"\/home\/seungju\/RL\/.\/Env\/Linux\/v4\/16MoreSimpleEnv_1440.x86_64 --mlagents-port 5016","communication_protocol_version":"1.2.0","com.unity.ml-agents_version":"1.5.0-preview","scene_name":"simpleEnv","end_time_seconds":"1605093325"}}