{"count":1,"self":179.8755072,"total":359.16315199999997,"children":{"InitializeActuators":{"count":64,"self":0.001398,"total":0.001398,"children":null},"InitializeSensors":{"count":64,"self":0.001348,"total":0.001348,"children":null},"AgentSendState":{"count":17906,"self":0.60432299999999994,"total":82.498391,"children":{"CollectObservations":{"count":229248,"self":71.4418816,"total":71.451678,"children":{"AgentInfo.ToProto":{"count":192,"self":0.000415,"total":0.009799,"children":{"GenerateSensorData":{"count":192,"self":0.009384,"total":0.009384,"children":null}}}}},"CollectDiscreteActionMasks":{"count":229248,"self":0.10700799999999999,"total":0.10700799999999999,"children":null},"RequestDecision":{"count":229248,"self":0.23102999999999999,"total":10.335382,"children":{"AgentInfo.ToProto":{"count":229248,"self":0.29675999999999997,"total":10.104351999999999,"children":{"GenerateSensorData":{"count":229248,"self":9.807592,"total":9.807592,"children":null}}}}}}},"DecideAction":{"count":17906,"self":96.5952064,"total":96.59520599999999,"children":null},"AgentAct":{"count":17906,"self":0.189719,"total":0.189719,"children":null}},"gauges":{"Robot.CumulativeReward":{"count":192,"max":-6.03364468,"min":-794.5049,"runningAverage":-207.989288,"value":-230.605576,"weightedAverage":-209.443237}},"metadata":{"timer_format_version":"0.1.0","start_time_seconds":"1611821809","unity_version":"2019.4.12f1","command_line_arguments":"\/home\/seungju\/LSTMSAC\/.\/Env\/Linux\/DemoEnv08_08.x86_64 --mlagents-port 5018","communication_protocol_version":"1.2.0","com.unity.ml-agents_version":"1.5.0-preview","scene_name":"Env16","end_time_seconds":"1611822169"}}