{"count":1,"self":153.5200384,"total":469.879035,"children":{"InitializeActuators":{"count":64,"self":0.001307,"total":0.001307,"children":null},"InitializeSensors":{"count":64,"self":0.0013009999999999999,"total":0.0013009999999999999,"children":null},"AgentSendState":{"count":18077,"self":0.659032,"total":81.525801,"children":{"CollectObservations":{"count":231424,"self":69.2165952,"total":69.226495,"children":{"AgentInfo.ToProto":{"count":192,"self":0.000274,"total":0.0098979999999999988,"children":{"GenerateSensorData":{"count":192,"self":0.0096239999999999989,"total":0.0096239999999999989,"children":null}}}}},"CollectDiscreteActionMasks":{"count":231424,"self":0.113969,"total":0.113969,"children":null},"RequestDecision":{"count":231424,"self":0.23054,"total":11.526304999999999,"children":{"AgentInfo.ToProto":{"count":231424,"self":0.282213,"total":11.295765,"children":{"GenerateSensorData":{"count":231424,"self":11.013551999999999,"total":11.013551999999999,"children":null}}}}}}},"DecideAction":{"count":18077,"self":234.58406399999998,"total":234.58405499999998,"children":null},"AgentAct":{"count":18077,"self":0.245077,"total":0.245077,"children":null}},"gauges":{"Robot.CumulativeReward":{"count":192,"max":-7.24202156,"min":-106.740143,"runningAverage":-48.1690445,"value":-58.1431847,"weightedAverage":-43.8850975}},"metadata":{"timer_format_version":"0.1.0","start_time_seconds":"1611215482","unity_version":"2019.4.12f1","command_line_arguments":"\/home\/seungju\/LSTMSAC\/.\/Env\/Linux\/DemoEnv08_08.x86_64 --mlagents-port 5037","communication_protocol_version":"1.2.0","com.unity.ml-agents_version":"1.5.0-preview","scene_name":"Env16","end_time_seconds":"1611215952"}}