{"count":1,"self":172.4606976,"total":1217.314363,"children":{"InitializeActuators":{"count":64,"self":0.00138,"total":0.00138,"children":null},"InitializeSensors":{"count":64,"self":0.00088499999999999994,"total":0.00088499999999999994,"children":null},"AgentSendState":{"count":42481,"self":1.7668819999999998,"total":253.26711,"children":{"CollectObservations":{"count":543808,"self":225.34883839999998,"total":225.371949,"children":{"AgentInfo.ToProto":{"count":512,"self":0.000811,"total":0.023119999999999998,"children":{"GenerateSensorData":{"count":512,"self":0.022309,"total":0.022309,"children":null}}}}},"CollectDiscreteActionMasks":{"count":543808,"self":0.28610599999999997,"total":0.28610599999999997,"children":null},"RequestDecision":{"count":543808,"self":0.585562,"total":25.842173,"children":{"AgentInfo.ToProto":{"count":543808,"self":0.70806,"total":25.256611,"children":{"GenerateSensorData":{"count":543808,"self":24.5485504,"total":24.548551,"children":null}}}}}}},"DecideAction":{"count":42481,"self":790.91415039999993,"total":790.91416099999992,"children":null},"AgentAct":{"count":42481,"self":0.668651,"total":0.668651,"children":null}},"gauges":{"Robot.CumulativeReward":{"count":512,"max":-40.318306,"min":-241.809265,"runningAverage":-84.93217,"value":-74.43855,"weightedAverage":-81.6745758}},"metadata":{"timer_format_version":"0.1.0","start_time_seconds":"1611243282","unity_version":"2019.4.12f1","command_line_arguments":"\/home\/seungju\/sac\/.\/Env\/Linux\/DemoEnv08_08.x86_64 --mlagents-port 5037","communication_protocol_version":"1.2.0","com.unity.ml-agents_version":"1.5.0-preview","scene_name":"Env16","end_time_seconds":"1611244499"}}