{"count":1,"self":1.3177269999999999,"total":137.027386,"children":{"InitializeActuators":{"count":48,"self":0.001838,"total":0.001838,"children":null},"InitializeSensors":{"count":48,"self":0.001812,"total":0.001812,"children":null},"AgentSendState":{"count":1228,"self":0.043364,"total":8.927605999999999,"children":{"CollectObservations":{"count":11808,"self":7.9943984,"total":7.9956679999999993,"children":{"AgentInfo.ToProto":{"count":19,"self":5.4E-05,"total":0.0012699999999999999,"children":{"GenerateSensorData":{"count":19,"self":0.0012159999999999999,"total":0.0012159999999999999,"children":null}}}}},"CollectDiscreteActionMasks":{"count":11808,"self":0.0089459999999999991,"total":0.0089459999999999991,"children":null},"RequestDecision":{"count":11808,"self":0.019653999999999998,"total":0.879628,"children":{"AgentInfo.ToProto":{"count":11808,"self":0.023624,"total":0.859974,"children":{"GenerateSensorData":{"count":11808,"self":0.83634999999999993,"total":0.83634999999999993,"children":null}}}}}}},"DecideAction":{"count":1228,"self":126.7656576,"total":126.76566,"children":null},"AgentAct":{"count":1228,"self":0.010013,"total":0.010013,"children":null}},"gauges":{"Robot.CumulativeReward":{"count":19,"max":14.919549,"min":-104.256638,"runningAverage":-62.3095474,"value":8.216652,"weightedAverage":-53.67042}},"metadata":{"timer_format_version":"0.1.0","start_time_seconds":"1605178874","unity_version":"2019.4.12f1","command_line_arguments":"\/Users\/seungju\/Documents\/SAC\/.\/Env\/MacOs\/16MostSimpleEnv.app\/Contents\/MacOS\/Robot --mlagents-port 5055","communication_protocol_version":"1.2.0","com.unity.ml-agents_version":"1.5.0-preview","scene_name":"simpleEnv","end_time_seconds":"1605179010"}}