{"count":1,"self":2.6691249999999997,"total":37.206077,"children":{"InitializeActuators":{"count":48,"self":0.0012289999999999998,"total":0.0012289999999999998,"children":null},"InitializeSensors":{"count":48,"self":0.001163,"total":0.001163,"children":null},"AgentSendState":{"count":2864,"self":0.067402,"total":16.742693,"children":{"CollectObservations":{"count":27504,"self":15.459427199999999,"total":15.459427999999999,"children":null},"CollectDiscreteActionMasks":{"count":27504,"self":0.010941,"total":0.010941,"children":null},"RequestDecision":{"count":27504,"self":0.029373999999999997,"total":1.204922,"children":{"AgentInfo.ToProto":{"count":27504,"self":0.033135,"total":1.175548,"children":{"GenerateSensorData":{"count":27504,"self":1.142413,"total":1.142413,"children":null}}}}}}},"DecideAction":{"count":2864,"self":17.7751376,"total":17.775138,"children":null},"AgentAct":{"count":2864,"self":0.015858999999999998,"total":0.015858999999999998,"children":null}},"gauges":{},"metadata":{"timer_format_version":"0.1.0","start_time_seconds":"1606238383","unity_version":"2019.4.12f1","command_line_arguments":"\/home\/seungju\/RL\/.\/Env\/Linux\/Env16.x86_64 --mlagents-port 5046","communication_protocol_version":"1.2.0","com.unity.ml-agents_version":"1.5.0-preview","scene_name":"Env16","end_time_seconds":"1606238420"}}