{"count":1,"self":40.2844544,"total":1832.548038,"children":{"InitializeActuators":{"count":48,"self":0.001206,"total":0.001206,"children":null},"InitializeSensors":{"count":48,"self":0.0011489999999999998,"total":0.0011489999999999998,"children":null},"AgentSendState":{"count":66006,"self":1.4964439999999999,"total":351.07915099999997,"children":{"CollectObservations":{"count":633696,"self":320.8805632,"total":321.042199,"children":{"AgentInfo.ToProto":{"count":3329,"self":0.005879,"total":0.161634,"children":{"GenerateSensorData":{"count":3329,"self":0.155755,"total":0.155755,"children":null}}}}},"CollectDiscreteActionMasks":{"count":633696,"self":0.270188,"total":0.270188,"children":null},"RequestDecision":{"count":633696,"self":0.585236,"total":28.270319999999998,"children":{"AgentInfo.ToProto":{"count":633696,"self":0.765658,"total":27.685084,"children":{"GenerateSensorData":{"count":633696,"self":26.919427199999998,"total":26.919425999999998,"children":null}}}}}}},"DecideAction":{"count":66006,"self":1440.7652352,"total":1440.7652229999999,"children":null},"AgentAct":{"count":66006,"self":0.415464,"total":0.415464,"children":null}},"gauges":{"Robot.CumulativeReward":{"count":3329,"max":86.23915,"min":-94.6284943,"runningAverage":-12.4033966,"value":-13.5870361,"weightedAverage":-5.630564}},"metadata":{"timer_format_version":"0.1.0","start_time_seconds":"1605953918","unity_version":"2019.4.12f1","command_line_arguments":"\/home\/seungju\/RL\/.\/Env\/Linux\/Env16.x86_64 --mlagents-port 5020","communication_protocol_version":"1.2.0","com.unity.ml-agents_version":"1.5.0-preview","scene_name":"Env16","end_time_seconds":"1605955750"}}