{"count":1,"self":121.55951359999999,"total":171.689531,"children":{"InitializeActuators":{"count":48,"self":0.0013909999999999999,"total":0.0013909999999999999,"children":null},"InitializeSensors":{"count":48,"self":0.00081399999999999994,"total":0.00081399999999999994,"children":null},"AgentSendState":{"count":8393,"self":0.236182,"total":12.395442,"children":{"CollectObservations":{"count":80592,"self":8.9544096,"total":8.957281,"children":{"AgentInfo.ToProto":{"count":80,"self":0.000157,"total":0.002871,"children":{"GenerateSensorData":{"count":80,"self":0.002714,"total":0.002714,"children":null}}}}},"CollectDiscreteActionMasks":{"count":80592,"self":0.038243,"total":0.038243,"children":null},"RequestDecision":{"count":80592,"self":0.075997,"total":3.1637359999999997,"children":{"AgentInfo.ToProto":{"count":80592,"self":0.092094,"total":3.087739,"children":{"GenerateSensorData":{"count":80592,"self":2.9956449999999997,"total":2.9956449999999997,"children":null}}}}}}},"DecideAction":{"count":8393,"self":37.6327584,"total":37.632757,"children":null},"AgentAct":{"count":8393,"self":0.098144,"total":0.098144,"children":null}},"gauges":{"Robot.CumulativeReward":{"count":80,"max":109.250671,"min":-14.2264738,"runningAverage":21.9437561,"value":69.53344,"weightedAverage":38.93374}},"metadata":{"timer_format_version":"0.1.0","start_time_seconds":"1609050149","unity_version":"2019.4.12f1","command_line_arguments":"\/home\/seungju\/LSTMSAC\/.\/Env\/Linux\/Env16.x86_64 --mlagents-port 5086","communication_protocol_version":"1.2.0","com.unity.ml-agents_version":"1.5.0-preview","scene_name":"Env16","end_time_seconds":"1609050321"}}