{"count":1,"self":7445.1132416,"total":23241.331647,"children":{"InitializeActuators":{"count":48,"self":0.001251,"total":0.001251,"children":null},"InitializeSensors":{"count":48,"self":0.001168,"total":0.001168,"children":null},"AgentSendState":{"count":2317736,"self":55.05328,"total":3387.68081,"children":{"CollectObservations":{"count":22250304,"self":2300.9845247999997,"total":2302.257006,"children":{"AgentInfo.ToProto":{"count":27007,"self":0.046229,"total":1.2724229999999999,"children":{"GenerateSensorData":{"count":27007,"self":1.226194,"total":1.226194,"children":null}}}}},"CollectDiscreteActionMasks":{"count":22250304,"self":9.929392,"total":9.929392,"children":null},"RequestDecision":{"count":22250304,"self":22.5208192,"total":1020.4411339999999,"children":{"AgentInfo.ToProto":{"count":22250304,"self":26.011947199999998,"total":997.920314,"children":{"GenerateSensorData":{"count":22250304,"self":971.9084032,"total":971.908367,"children":null}}}}}}},"DecideAction":{"count":2317736,"self":12393.034547199999,"total":12393.034178,"children":null},"AgentAct":{"count":2317736,"self":15.499528,"total":15.499528,"children":null}},"gauges":{"Robot.CumulativeReward":{"count":27007,"max":20.66404,"min":-204.891953,"runningAverage":-31.5314445,"value":-4.417164,"weightedAverage":-15.2349062}},"metadata":{"timer_format_version":"0.1.0","start_time_seconds":"1606246580","unity_version":"2019.4.12f1","command_line_arguments":"\/home\/seungju\/RL\/.\/Env\/Linux\/Env16.x86_64 --mlagents-port 5087","communication_protocol_version":"1.2.0","com.unity.ml-agents_version":"1.5.0-preview","scene_name":"Env16","end_time_seconds":"1606269822"}}