{"count":1,"self":11341.8018816,"total":39697.129119,"children":{"InitializeActuators":{"count":48,"self":0.001261,"total":0.001261,"children":null},"InitializeSensors":{"count":48,"self":0.000772,"total":0.000772,"children":null},"AgentSendState":{"count":3876998,"self":99.3654528,"total":5403.167514,"children":{"CollectObservations":{"count":37219200,"self":3381.864448,"total":3384.601745,"children":{"AgentInfo.ToProto":{"count":52915,"self":0.093121,"total":2.737374,"children":{"GenerateSensorData":{"count":52915,"self":2.644253,"total":2.644253,"children":null}}}}},"CollectDiscreteActionMasks":{"count":37219200,"self":17.4644864,"total":17.464487,"children":null},"RequestDecision":{"count":37219200,"self":35.8052576,"total":1901.7358279999999,"children":{"AgentInfo.ToProto":{"count":37219200,"self":43.842768,"total":1865.93057,"children":{"GenerateSensorData":{"count":37219200,"self":1822.0877824,"total":1822.087802,"children":null}}}}}}},"DecideAction":{"count":3876998,"self":22915.5897344,"total":22915.589601,"children":null},"AgentAct":{"count":3876998,"self":36.5663808,"total":36.566382,"children":null}},"gauges":{"Robot.CumulativeReward":{"count":52915,"max":275.133942,"min":-120.465538,"runningAverage":-6.7182045,"value":23.54975,"weightedAverage":14.3561468}},"metadata":{"timer_format_version":"0.1.0","start_time_seconds":"1606196642","unity_version":"2019.4.12f1","command_line_arguments":"\/home\/seungju\/RL\/.\/Env\/Linux\/Env16.x86_64 --mlagents-port 5098","communication_protocol_version":"1.2.0","com.unity.ml-agents_version":"1.5.0-preview","scene_name":"Env16","end_time_seconds":"1606236339"}}