{"count":1,"self":1491.1012864,"total":55700.53164,"children":{"InitializeActuators":{"count":48,"self":0.00123,"total":0.00123,"children":null},"InitializeSensors":{"count":48,"self":0.00115,"total":0.00115,"children":null},"AgentSendState":{"count":2707578,"self":58.8784128,"total":14480.090907,"children":{"CollectObservations":{"count":25992768,"self":13268.1695232,"total":13276.708026,"children":{"AgentInfo.ToProto":{"count":174210,"self":0.268001,"total":8.538154,"children":{"GenerateSensorData":{"count":174210,"self":8.2701528,"total":8.2701529999999988,"children":null}}}}},"CollectDiscreteActionMasks":{"count":25992768,"self":10.245256,"total":10.245256,"children":null},"RequestDecision":{"count":25992768,"self":23.534416,"total":1134.259214,"children":{"AgentInfo.ToProto":{"count":25992768,"self":28.444703999999998,"total":1110.724798,"children":{"GenerateSensorData":{"count":25992768,"self":1082.2801408,"total":1082.280094,"children":null}}}}}}},"DecideAction":{"count":2707578,"self":39713.4626816,"total":39713.462887,"children":null},"AgentAct":{"count":2707578,"self":15.8726656,"total":15.872665999999999,"children":null}},"gauges":{"Robot.CumulativeReward":{"count":174210,"max":80.01138,"min":-255.314835,"runningAverage":-52.8178329,"value":-63.4283676,"weightedAverage":-71.80149}},"metadata":{"timer_format_version":"0.1.0","start_time_seconds":"1605437274","unity_version":"2019.4.12f1","command_line_arguments":"\/home\/seungju\/RL\/.\/Env\/Linux\/Env16.x86_64 --mlagents-port 5054","communication_protocol_version":"1.2.0","com.unity.ml-agents_version":"1.5.0-preview","scene_name":"Env16","end_time_seconds":"1605492975"}}