{"count":1,"self":497.1670016,"total":22427.354301,"children":{"InitializeActuators":{"count":48,"self":0.001215,"total":0.001215,"children":null},"InitializeSensors":{"count":48,"self":0.0011769999999999999,"total":0.0011769999999999999,"children":null},"AgentSendState":{"count":912655,"self":19.6783376,"total":4805.921004,"children":{"CollectObservations":{"count":8761488,"self":4398.3536128,"total":4399.616375,"children":{"AgentInfo.ToProto":{"count":28342,"self":0.047672,"total":1.2628249999999999,"children":{"GenerateSensorData":{"count":28342,"self":1.215153,"total":1.215153,"children":null}}}}},"CollectDiscreteActionMasks":{"count":8761488,"self":3.449608,"total":3.449608,"children":null},"RequestDecision":{"count":8761488,"self":7.7528472,"total":383.17668299999997,"children":{"AgentInfo.ToProto":{"count":8761488,"self":9.7053728,"total":375.423836,"children":{"GenerateSensorData":{"count":8761488,"self":365.7184512,"total":365.718463,"children":null}}}}}}},"DecideAction":{"count":912655,"self":17118.9747712,"total":17118.974028,"children":null},"AgentAct":{"count":912655,"self":5.288398,"total":5.288398,"children":null}},"gauges":{"Robot.CumulativeReward":{"count":28342,"max":79.04228,"min":-254.652756,"runningAverage":-35.70508,"value":-61.60796,"weightedAverage":-42.9157448}},"metadata":{"timer_format_version":"0.1.0","start_time_seconds":"1605426837","unity_version":"2019.4.12f1","command_line_arguments":"\/home\/seungju\/RL\/.\/Env\/Linux\/Env16.x86_64 --mlagents-port 5092","communication_protocol_version":"1.2.0","com.unity.ml-agents_version":"1.5.0-preview","scene_name":"Env16","end_time_seconds":"1605449264"}}