{"count":1,"self":63.754656,"total":15433.988307,"children":{"InitializeActuators":{"count":48,"self":0.0012389999999999999,"total":0.0012389999999999999,"children":null},"InitializeSensors":{"count":48,"self":0.001224,"total":0.001224,"children":null},"AgentSendState":{"count":106921,"self":2.226165,"total":592.825969,"children":{"CollectObservations":{"count":1026480,"self":545.9147776,"total":546.015446,"children":{"AgentInfo.ToProto":{"count":2261,"self":0.003539,"total":0.10069099999999999,"children":{"GenerateSensorData":{"count":2261,"self":0.097152,"total":0.097152,"children":null}}}}},"CollectDiscreteActionMasks":{"count":1026480,"self":0.353655,"total":0.353655,"children":null},"RequestDecision":{"count":1026480,"self":0.92304999999999993,"total":44.230703,"children":{"AgentInfo.ToProto":{"count":1026480,"self":1.090146,"total":43.307652999999995,"children":{"GenerateSensorData":{"count":1026480,"self":42.2175072,"total":42.217507,"children":null}}}}}}},"DecideAction":{"count":106921,"self":14776.788582399999,"total":14776.788665999999,"children":null},"AgentAct":{"count":106921,"self":0.615007,"total":0.615007,"children":null}},"gauges":{"Robot.CumulativeReward":{"count":2261,"max":71.7237549,"min":-178.649277,"runningAverage":-61.53704,"value":-58.3396225,"weightedAverage":-45.7318726}},"metadata":{"timer_format_version":"0.1.0","start_time_seconds":"1605257401","unity_version":"2019.4.12f1","command_line_arguments":"\/home\/seungju\/RL\/.\/Env\/Linux\/Env16.x86_64 --mlagents-port 5083","communication_protocol_version":"1.2.0","com.unity.ml-agents_version":"1.5.0-preview","scene_name":"Env16","end_time_seconds":"1605272835"}}