{"count":1,"self":3492.2549248,"total":12201.117572,"children":{"InitializeActuators":{"count":48,"self":0.001291,"total":0.001291,"children":null},"InitializeSensors":{"count":48,"self":0.0013449999999999998,"total":0.0013449999999999998,"children":null},"AgentSendState":{"count":808207,"self":19.2954352,"total":1264.0685839999999,"children":{"CollectObservations":{"count":7758816,"self":865.8663424,"total":866.327505,"children":{"AgentInfo.ToProto":{"count":9648,"self":0.014275,"total":0.461209,"children":{"GenerateSensorData":{"count":9648,"self":0.446934,"total":0.446934,"children":null}}}}},"CollectDiscreteActionMasks":{"count":7758816,"self":3.478056,"total":3.478056,"children":null},"RequestDecision":{"count":7758816,"self":7.9266872,"total":374.967588,"children":{"AgentInfo.ToProto":{"count":7758816,"self":9.6536072,"total":367.04090099999996,"children":{"GenerateSensorData":{"count":7758816,"self":357.3872896,"total":357.387294,"children":null}}}}}}},"DecideAction":{"count":808207,"self":7439.1937024,"total":7439.193531,"children":null},"AgentAct":{"count":808207,"self":5.5966527999999993,"total":5.596653,"children":null}},"gauges":{"Robot.CumulativeReward":{"count":9648,"max":172.2515,"min":-2141.30249,"runningAverage":9.644473,"value":76.65417,"weightedAverage":63.7485352}},"metadata":{"timer_format_version":"0.1.0","start_time_seconds":"1607831848","unity_version":"2019.4.12f1","command_line_arguments":"\/home\/seungju\/LSTMSAC\/.\/Env\/Linux\/Env16.x86_64 --mlagents-port 5033","communication_protocol_version":"1.2.0","com.unity.ml-agents_version":"1.5.0-preview","scene_name":"Env16","end_time_seconds":"1607844049"}}