{"count":1,"self":2444.9316863999998,"total":29071.978312,"children":{"InitializeActuators":{"count":48,"self":0.001235,"total":0.001235,"children":null},"InitializeSensors":{"count":48,"self":0.001187,"total":0.001187,"children":null},"AgentSendState":{"count":3724861,"self":79.7721408,"total":5344.986934,"children":{"CollectObservations":{"count":35758704,"self":3529.0976256,"total":3531.7833419999997,"children":{"AgentInfo.ToProto":{"count":54776,"self":0.091799999999999993,"total":2.6855629999999997,"children":{"GenerateSensorData":{"count":54776,"self":2.593763,"total":2.593763,"children":null}}}}},"CollectDiscreteActionMasks":{"count":35758704,"self":13.3992328,"total":13.399232999999999,"children":null},"RequestDecision":{"count":35758704,"self":33.553161599999996,"total":1720.032221,"children":{"AgentInfo.ToProto":{"count":35758704,"self":39.924201599999996,"total":1686.47906,"children":{"GenerateSensorData":{"count":35758704,"self":1646.5548288,"total":1646.5548589999999,"children":null}}}}}}},"DecideAction":{"count":3724861,"self":21260.420710399998,"total":21260.420074999998,"children":null},"AgentAct":{"count":3724861,"self":21.6357248,"total":21.635724,"children":null}},"gauges":{"Robot.CumulativeReward":{"count":54776,"max":53.78968,"min":-107.242752,"runningAverage":-25.4145222,"value":-44.508728,"weightedAverage":-30.8449554}},"metadata":{"timer_format_version":"0.1.0","start_time_seconds":"1606371184","unity_version":"2019.4.12f1","command_line_arguments":"\/home\/seungju\/RL\/.\/Env\/Linux\/Env16.x86_64 --mlagents-port 5043","communication_protocol_version":"1.2.0","com.unity.ml-agents_version":"1.5.0-preview","scene_name":"Env16","end_time_seconds":"1606400256"}}