{"count":1,"self":7153.3936639999993,"total":31635.927934,"children":{"InitializeActuators":{"count":48,"self":0.0012569999999999999,"total":0.0012569999999999999,"children":null},"InitializeSensors":{"count":48,"self":0.000722,"total":0.000722,"children":null},"AgentSendState":{"count":1558396,"self":35.9471104,"total":2308.080653,"children":{"CollectObservations":{"count":14960640,"self":1572.4210176,"total":1578.422315,"children":{"AgentInfo.ToProto":{"count":128450,"self":0.19960699999999998,"total":6.0013309999999995,"children":{"GenerateSensorData":{"count":128450,"self":5.801724,"total":5.801724,"children":null}}}}},"CollectDiscreteActionMasks":{"count":14960640,"self":6.451396,"total":6.451396,"children":null},"RequestDecision":{"count":14960640,"self":14.223094399999999,"total":687.259832,"children":{"AgentInfo.ToProto":{"count":14960640,"self":18.079542399999998,"total":673.036737,"children":{"GenerateSensorData":{"count":14960640,"self":654.95720959999994,"total":654.957195,"children":null}}}}}}},"DecideAction":{"count":1558396,"self":22163.9671808,"total":22163.966519999998,"children":null},"AgentAct":{"count":1558396,"self":10.4758832,"total":10.475883,"children":null}},"gauges":{"Robot.CumulativeReward":{"count":128450,"max":39.04797,"min":-68.71341,"runningAverage":10.0410328,"value":25.4937859,"weightedAverage":15.2556438}},"metadata":{"timer_format_version":"0.1.0","start_time_seconds":"1607111494","unity_version":"2019.4.12f1","command_line_arguments":"\/home\/seungju\/RL\/.\/Env\/Linux\/Env16.x86_64 --mlagents-port 5100","communication_protocol_version":"1.2.0","com.unity.ml-agents_version":"1.5.0-preview","scene_name":"Env16","end_time_seconds":"1607143129"}}