{"count":1,"self":3810.1053439999996,"total":9641.072866,"children":{"InitializeActuators":{"count":48,"self":0.001602,"total":0.001602,"children":null},"InitializeSensors":{"count":48,"self":0.003048,"total":0.003048,"children":null},"AgentSendState":{"count":876641,"self":22.4206288,"total":1371.722816,"children":{"CollectObservations":{"count":8415792,"self":929.7297408,"total":929.989519,"children":{"AgentInfo.ToProto":{"count":5232,"self":0.007486,"total":0.259784,"children":{"GenerateSensorData":{"count":5232,"self":0.25229799999999997,"total":0.25229799999999997,"children":null}}}}},"CollectDiscreteActionMasks":{"count":8415792,"self":4.2806728,"total":4.280673,"children":null},"RequestDecision":{"count":8415792,"self":8.5873328,"total":415.031995,"children":{"AgentInfo.ToProto":{"count":8415792,"self":10.6944176,"total":406.444662,"children":{"GenerateSensorData":{"count":8415792,"self":395.7502464,"total":395.750244,"children":null}}}}}}},"DecideAction":{"count":876641,"self":4451.4009088,"total":4451.4010389999994,"children":null},"AgentAct":{"count":876641,"self":7.8374152,"total":7.837415,"children":null}},"gauges":{"Robot.CumulativeReward":{"count":5232,"max":25.213623,"min":-1986.11182,"runningAverage":-48.51809,"value":7.427381,"weightedAverage":-6.488876}},"metadata":{"timer_format_version":"0.1.0","start_time_seconds":"1607664180","unity_version":"2019.4.12f1","command_line_arguments":"\/home\/seungju\/LSTMSAC\/.\/Env\/Linux\/Env16.x86_64 --mlagents-port 5069","communication_protocol_version":"1.2.0","com.unity.ml-agents_version":"1.5.0-preview","scene_name":"Env16","end_time_seconds":"1607673821"}}