{"count":1,"self":3.7451312,"total":120.995802,"children":{"InitializeActuators":{"count":48,"self":0.0012309999999999999,"total":0.0012309999999999999,"children":null},"InitializeSensors":{"count":48,"self":0.001153,"total":0.001153,"children":null},"AgentSendState":{"count":1362,"self":0.035878,"total":2.205791,"children":{"CollectObservations":{"count":13104,"self":1.4948759999999999,"total":1.4955539999999998,"children":{"AgentInfo.ToProto":{"count":14,"self":2.9E-05,"total":0.000678,"children":{"GenerateSensorData":{"count":14,"self":0.00064899999999999995,"total":0.00064899999999999995,"children":null}}}}},"CollectDiscreteActionMasks":{"count":13104,"self":0.0060859999999999994,"total":0.0060859999999999994,"children":null},"RequestDecision":{"count":13104,"self":0.015465,"total":0.668273,"children":{"AgentInfo.ToProto":{"count":13104,"self":0.017617,"total":0.65280799999999994,"children":{"GenerateSensorData":{"count":13104,"self":0.635191,"total":0.635191,"children":null}}}}}}},"DecideAction":{"count":1362,"self":115.0306816,"total":115.03067999999999,"children":null},"AgentAct":{"count":1362,"self":0.010334,"total":0.010334,"children":null}},"gauges":{"Robot.CumulativeReward":{"count":14,"max":-20.436161,"min":-45.86538,"runningAverage":-31.4040642,"value":-38.7065468,"weightedAverage":-32.5204048}},"metadata":{"timer_format_version":"0.1.0","start_time_seconds":"1606274421","unity_version":"2019.4.12f1","command_line_arguments":"\/home\/seungju\/RL\/.\/Env\/Linux\/Env16.x86_64 --mlagents-port 5051","communication_protocol_version":"1.2.0","com.unity.ml-agents_version":"1.5.0-preview","scene_name":"Env16","end_time_seconds":"1606274542"}}