{"count":1,"self":85.420396799999992,"total":3136.715439,"children":{"InitializeActuators":{"count":48,"self":0.001255,"total":0.001255,"children":null},"InitializeSensors":{"count":48,"self":0.00071499999999999992,"total":0.00071499999999999992,"children":null},"AgentSendState":{"count":155579,"self":3.3941768,"total":835.27893099999994,"children":{"CollectObservations":{"count":1493568,"self":752.4878848,"total":752.735563,"children":{"AgentInfo.ToProto":{"count":4683,"self":0.007866,"total":0.247659,"children":{"GenerateSensorData":{"count":4683,"self":0.23979299999999998,"total":0.23979299999999998,"children":null}}}}},"CollectDiscreteActionMasks":{"count":1493568,"self":0.597541,"total":0.597541,"children":null},"RequestDecision":{"count":1493568,"self":1.412294,"total":78.55165,"children":{"AgentInfo.ToProto":{"count":1493568,"self":1.7415559999999999,"total":77.139355999999992,"children":{"GenerateSensorData":{"count":1493568,"self":75.3977984,"total":75.397799999999989,"children":null}}}}}}},"DecideAction":{"count":155579,"self":2215.1211008,"total":2215.121193,"children":null},"AgentAct":{"count":155579,"self":0.891451,"total":0.891451,"children":null}},"gauges":{"Robot.CumulativeReward":{"count":4683,"max":56.42815,"min":-107.067276,"runningAverage":-14.45833,"value":-16.4175968,"weightedAverage":-8.374669}},"metadata":{"timer_format_version":"0.1.0","start_time_seconds":"1606105354","unity_version":"2019.4.12f1","command_line_arguments":"\/home\/seungju\/RL\/.\/Env\/Linux\/Env16.x86_64 --mlagents-port 5100","communication_protocol_version":"1.2.0","com.unity.ml-agents_version":"1.5.0-preview","scene_name":"Env16","end_time_seconds":"1606108490"}}