{"count":1,"self":478.80837119999995,"total":2074.656216,"children":{"InitializeActuators":{"count":48,"self":0.00121,"total":0.00121,"children":null},"InitializeSensors":{"count":48,"self":0.0011819999999999999,"total":0.0011819999999999999,"children":null},"AgentSendState":{"count":205357,"self":5.30434,"total":343.711389,"children":{"CollectObservations":{"count":1971456,"self":228.03379199999998,"total":228.21037299999998,"children":{"AgentInfo.ToProto":{"count":3187,"self":0.0061329999999999996,"total":0.176583,"children":{"GenerateSensorData":{"count":3187,"self":0.17045,"total":0.17045,"children":null}}}}},"CollectDiscreteActionMasks":{"count":1971456,"self":0.989355,"total":0.989355,"children":null},"RequestDecision":{"count":1971456,"self":2.182817,"total":109.207321,"children":{"AgentInfo.ToProto":{"count":1971456,"self":2.715633,"total":107.024504,"children":{"GenerateSensorData":{"count":1971456,"self":104.30887039999999,"total":104.308871,"children":null}}}}}}},"DecideAction":{"count":205357,"self":1250.7333632,"total":1250.733411,"children":null},"AgentAct":{"count":205357,"self":1.3978119999999998,"total":1.3978119999999998,"children":null}},"gauges":{"Robot.CumulativeReward":{"count":3187,"max":37.7948036,"min":-75.61398,"runningAverage":-17.7629089,"value":-7.43256664,"weightedAverage":-6.25262165}},"metadata":{"timer_format_version":"0.1.0","start_time_seconds":"1606274546","unity_version":"2019.4.12f1","command_line_arguments":"\/home\/seungju\/RL\/.\/Env\/Linux\/Env16.x86_64 --mlagents-port 5069","communication_protocol_version":"1.2.0","com.unity.ml-agents_version":"1.5.0-preview","scene_name":"Env16","end_time_seconds":"1606276620"}}