{"count":1,"self":36.5332128,"total":433.26413399999996,"children":{"InitializeActuators":{"count":48,"self":0.001218,"total":0.001218,"children":null},"InitializeSensors":{"count":48,"self":0.0011669999999999999,"total":0.0011669999999999999,"children":null},"AgentSendState":{"count":54841,"self":1.160989,"total":76.901623,"children":{"CollectObservations":{"count":526512,"self":51.932220799999996,"total":51.982673999999996,"children":{"AgentInfo.ToProto":{"count":1092,"self":0.0017679999999999998,"total":0.050453,"children":{"GenerateSensorData":{"count":1092,"self":0.048685,"total":0.048685,"children":null}}}}},"CollectDiscreteActionMasks":{"count":526512,"self":0.20004999999999998,"total":0.20004999999999998,"children":null},"RequestDecision":{"count":526512,"self":0.49802199999999996,"total":23.55791,"children":{"AgentInfo.ToProto":{"count":526512,"self":0.596498,"total":23.059887999999997,"children":{"GenerateSensorData":{"count":526512,"self":22.463390399999998,"total":22.46339,"children":null}}}}}}},"DecideAction":{"count":54841,"self":319.506304,"total":319.506303,"children":null},"AgentAct":{"count":54841,"self":0.3192,"total":0.3192,"children":null}},"gauges":{"Robot.CumulativeReward":{"count":1092,"max":23.5132275,"min":-116.263062,"runningAverage":-38.38174,"value":0.578056335,"weightedAverage":-31.9730263}},"metadata":{"timer_format_version":"0.1.0","start_time_seconds":"1606370736","unity_version":"2019.4.12f1","command_line_arguments":"\/home\/seungju\/RL\/.\/Env\/Linux\/Env16.x86_64 --mlagents-port 5090","communication_protocol_version":"1.2.0","com.unity.ml-agents_version":"1.5.0-preview","scene_name":"Env16","end_time_seconds":"1606371169"}}