{"count":1,"self":3174.6678784,"total":7531.8762719999995,"children":{"InitializeActuators":{"count":48,"self":0.001317,"total":0.001317,"children":null},"InitializeSensors":{"count":48,"self":0.00131,"total":0.00131,"children":null},"AgentSendState":{"count":696717,"self":16.7566016,"total":1036.598366,"children":{"CollectObservations":{"count":6688512,"self":707.0150656,"total":707.20431899999994,"children":{"AgentInfo.ToProto":{"count":4176,"self":0.005757,"total":0.189242,"children":{"GenerateSensorData":{"count":4176,"self":0.18348499999999998,"total":0.18348499999999998,"children":null}}}}},"CollectDiscreteActionMasks":{"count":6688512,"self":3.250139,"total":3.250139,"children":null},"RequestDecision":{"count":6688512,"self":6.891356,"total":309.38730699999996,"children":{"AgentInfo.ToProto":{"count":6688512,"self":8.1160224,"total":302.495951,"children":{"GenerateSensorData":{"count":6688512,"self":294.37992959999997,"total":294.379929,"children":null}}}}}}},"DecideAction":{"count":696717,"self":3314.9597696,"total":3314.9597209999997,"children":null},"AgentAct":{"count":696717,"self":5.6462287999999994,"total":5.646229,"children":null}},"gauges":{"Robot.CumulativeReward":{"count":4176,"max":336.131042,"min":-783.413147,"runningAverage":24.56842,"value":-377.328644,"weightedAverage":-180.006683}},"metadata":{"timer_format_version":"0.1.0","start_time_seconds":"1607748795","unity_version":"2019.4.12f1","command_line_arguments":"\/home\/seungju\/LSTMSAC\/.\/Env\/Linux\/Env16.x86_64 --mlagents-port 5057","communication_protocol_version":"1.2.0","com.unity.ml-agents_version":"1.5.0-preview","scene_name":"Env16","end_time_seconds":"1607756326"}}