{"count":1,"self":0.81812599999999991,"total":28.091811,"children":{"InitializeActuators":{"count":30,"self":0.001738,"total":0.001738,"children":null},"InitializeSensors":{"count":30,"self":0.0010789999999999999,"total":0.0010789999999999999,"children":null},"AgentSendState":{"count":464,"self":0.012983999999999999,"total":2.3044469999999997,"children":{"CollectObservations":{"count":2790,"self":2.060749,"total":2.06143,"children":{"AgentInfo.ToProto":{"count":10,"self":3.2999999999999996E-05,"total":0.000681,"children":{"GenerateSensorData":{"count":10,"self":0.00064799999999999992,"total":0.00064799999999999992,"children":null}}}}},"CollectDiscreteActionMasks":{"count":2790,"self":0.00215,"total":0.00215,"children":null},"RequestDecision":{"count":2790,"self":0.006554,"total":0.227883,"children":{"AgentInfo.ToProto":{"count":2790,"self":0.006842,"total":0.221329,"children":{"GenerateSensorData":{"count":2790,"self":0.21448699999999998,"total":0.21448699999999998,"children":null}}}}}}},"DecideAction":{"count":464,"self":24.9611424,"total":24.961142,"children":null},"AgentAct":{"count":464,"self":0.002927,"total":0.002927,"children":null}},"gauges":{"Robot.CumulativeReward":{"count":10,"max":-48.99727,"min":-77.96827,"runningAverage":-65.1904144,"value":-56.13671,"weightedAverage":-62.85132}},"metadata":{"timer_format_version":"0.1.0","start_time_seconds":"1604930809","unity_version":"2019.4.12f1","command_line_arguments":"\/Users\/seungju\/Documents\/SAC\/.\/Env\/MacOs\/4SimpleEnv_1440.app\/Contents\/MacOS\/Robot --mlagents-port 5032","communication_protocol_version":"1.2.0","com.unity.ml-agents_version":"1.5.0-preview","scene_name":"simpleEnv","end_time_seconds":"1604930837"}}