{"count":1,"self":113.1004416,"total":191.901972,"children":{"AgentSendState":{"count":8812,"self":0.116835,"total":2.404419,"children":{"CollectObservations":{"count":11015,"self":2.037153,"total":2.037835,"children":{"AgentInfo.ToProto":{"count":33,"self":0.00016999999999999999,"total":0.000682,"children":{"GenerateSensorData":{"count":33,"self":0.000512,"total":0.000512,"children":null}}}}},"CollectDiscreteActionMasks":{"count":11015,"self":0.012908999999999999,"total":0.012908999999999999,"children":null},"AgentInfo.ToProto":{"count":11015,"self":0.048312999999999995,"total":0.23684,"children":{"GenerateSensorData":{"count":11015,"self":0.188527,"total":0.188527,"children":null}}}}},"DecideAction":{"count":8812,"self":76.3806592,"total":76.380657,"children":null},"AgentAct":{"count":8812,"self":0.015073999999999999,"total":0.015073999999999999,"children":null}},"gauges":{"Robot.CumulativeReward":{"count":33,"max":46.4404373,"min":-72.57715,"runningAverage":-11.4475031,"value":-8.051254,"weightedAverage":-8.586714}},"metadata":{"timer_format_version":"0.1.0","start_time_seconds":"1603878317","unity_version":"2019.4.12f1","command_line_arguments":"\/home\/seungju\/RL\/.\/Env\/Linux\/v4\/easyv4.x86_64 --mlagents-port 5072","communication_protocol_version":"1.0.0","com.unity.ml-agents_version":"1.0.5","scene_name":"SampleScene","end_time_seconds":"1603878509"}}