{"count":1,"self":94.5724544,"total":1322.164707,"children":{"AgentSendState":{"count":30894,"self":0.206041,"total":4.6675879999999994,"children":{"CollectObservations":{"count":38620,"self":3.9680199999999997,"total":3.969087,"children":{"AgentInfo.ToProto":{"count":95,"self":0.00029,"total":0.001067,"children":{"GenerateSensorData":{"count":95,"self":0.00077699999999999991,"total":0.00077699999999999991,"children":null}}}}},"CollectDiscreteActionMasks":{"count":38620,"self":0.025497,"total":0.025497,"children":null},"AgentInfo.ToProto":{"count":38620,"self":0.098345999999999989,"total":0.46696299999999996,"children":{"GenerateSensorData":{"count":38620,"self":0.368617,"total":0.368617,"children":null}}}}},"DecideAction":{"count":30894,"self":1222.897152,"total":1222.897158,"children":null},"AgentAct":{"count":30894,"self":0.025783,"total":0.025783,"children":null}},"gauges":{"Robot.CumulativeReward":{"count":95,"max":42.79139,"min":-54.13362,"runningAverage":-6.308023,"value":19.7054253,"weightedAverage":0.3839556}},"metadata":{"timer_format_version":"0.1.0","start_time_seconds":"1603889474","unity_version":"2019.4.12f1","command_line_arguments":"\/home\/seungju\/RL\/.\/Env\/Linux\/v4\/easyv4.x86_64 --mlagents-port 5025","communication_protocol_version":"1.0.0","com.unity.ml-agents_version":"1.0.5","scene_name":"SampleScene","end_time_seconds":"1603890796"}}