{"count":1,"self":63.118438399999995,"total":174.13119799999998,"children":{"AgentSendState":{"count":5489,"self":0.093911,"total":2.317853,"children":{"CollectObservations":{"count":6865,"self":2.016102,"total":2.016668,"children":{"AgentInfo.ToProto":{"count":20,"self":0.00015999999999999999,"total":0.000566,"children":{"GenerateSensorData":{"count":20,"self":0.000406,"total":0.000406,"children":null}}}}},"CollectDiscreteActionMasks":{"count":6865,"self":0.011795,"total":0.011795,"children":null},"AgentInfo.ToProto":{"count":6865,"self":0.042463999999999995,"total":0.19547899999999999,"children":{"GenerateSensorData":{"count":6865,"self":0.15301499999999998,"total":0.15301499999999998,"children":null}}}}},"DecideAction":{"count":5489,"self":108.6838016,"total":108.68380499999999,"children":null},"AgentAct":{"count":5489,"self":0.009604999999999999,"total":0.009604999999999999,"children":null}},"gauges":{"Robot.CumulativeReward":{"count":20,"max":24.1899929,"min":-74.39931,"runningAverage":-18.3855534,"value":24.1899929,"weightedAverage":-13.2761517}},"metadata":{"timer_format_version":"0.1.0","start_time_seconds":"1604039564","unity_version":"2019.4.12f1","command_line_arguments":"\/home\/seungju\/RL\/.\/Env\/Linux\/v4\/easyv4.x86_64 --mlagents-port 5090","communication_protocol_version":"1.0.0","com.unity.ml-agents_version":"1.0.5","scene_name":"SampleScene","end_time_seconds":"1604039738"}}