{"count":1,"self":147.2792704,"total":8073.6937149999994,"children":{"InitializeActuators":{"count":5,"self":0.0011229999999999999,"total":0.0011229999999999999,"children":null},"InitializeSensors":{"count":5,"self":0.000551,"total":0.000551,"children":null},"AgentSendState":{"count":223895,"self":0.784411,"total":17.673567,"children":{"CollectObservations":{"count":279870,"self":14.522903999999999,"total":14.532974999999999,"children":{"AgentInfo.ToProto":{"count":432,"self":0.00072799999999999991,"total":0.010071,"children":{"GenerateSensorData":{"count":432,"self":0.0093429999999999989,"total":0.0093429999999999989,"children":null}}}}},"CollectDiscreteActionMasks":{"count":279870,"self":0.112581,"total":0.112581,"children":null},"RequestDecision":{"count":279870,"self":0.286211,"total":2.2436,"children":{"AgentInfo.ToProto":{"count":279870,"self":0.36818399999999996,"total":1.9573889999999998,"children":{"GenerateSensorData":{"count":279870,"self":1.589205,"total":1.589205,"children":null}}}}}}},"DecideAction":{"count":223895,"self":7908.3962367999993,"total":7908.3961949999994,"children":null},"AgentAct":{"count":223895,"self":0.33676,"total":0.341624,"children":{"AgentInfo.ToProto":{"count":359,"self":0.00086,"total":0.0048639999999999994,"children":{"GenerateSensorData":{"count":359,"self":0.004004,"total":0.004004,"children":null}}}}}},"gauges":{"Robot.CumulativeReward":{"count":791,"max":33.69797,"min":-45.78586,"runningAverage":-9.073995,"value":-17.9805946,"weightedAverage":-14.4667015}},"metadata":{"timer_format_version":"0.1.0","start_time_seconds":"1604151075","unity_version":"2019.4.12f1","command_line_arguments":"\/home\/seungju\/RL\/.\/Env\/Linux\/v4\/easyv4.x86_64 --mlagents-port 5048","communication_protocol_version":"1.2.0","com.unity.ml-agents_version":"1.5.0-preview","scene_name":"SampleScene","end_time_seconds":"1604159149"}}