{"count":1,"self":392.09730559999997,"total":973.421977,"children":{"AgentSendState":{"count":48613,"self":0.387797,"total":32.86257,"children":{"CollectObservations":{"count":60770,"self":0.205261,"total":0.205261,"children":null},"CollectDiscreteActionMasks":{"count":60770,"self":0.043289,"total":0.043289,"children":null},"AgentInfo.ToProto":{"count":60770,"self":0.180916,"total":32.226223,"children":{"GenerateSensorData":{"count":60770,"self":0.876019,"total":32.045307,"children":{"RayPerceptionSensor.Perceive":{"count":60770,"self":31.169286399999997,"total":31.169287999999998,"children":null}}}}}}},"DecideAction":{"count":48613,"self":548.309248,"total":548.309251,"children":null},"AgentAct":{"count":48613,"self":0.060157999999999996,"total":0.15106899999999998,"children":{"AgentInfo.ToProto":{"count":240,"self":0.00058199999999999994,"total":0.090910999999999992,"children":{"GenerateSensorData":{"count":240,"self":0.0032489999999999997,"total":0.090328999999999993,"children":{"RayPerceptionSensor.Perceive":{"count":240,"self":0.087079999999999991,"total":0.087079999999999991,"children":null}}}}}}},"AgentInfo.ToProto":{"count":1,"self":4.9999999999999996E-06,"total":0.00031299999999999996,"children":{"GenerateSensorData":{"count":1,"self":9.9999999999999991E-06,"total":0.000308,"children":{"RayPerceptionSensor.Perceive":{"count":1,"self":0.000298,"total":0.000298,"children":null}}}}}},"gauges":{"Robot.CumulativeReward":{"count":241,"max":28.6862659,"min":-148.154,"runningAverage":-29.0545368,"value":-15.734787,"weightedAverage":-20.1880322}},"metadata":{"timer_format_version":"0.1.0","start_time_seconds":"1603766073","unity_version":"2019.4.12f1","command_line_arguments":"\/home\/seungju\/RL\/.\/Env\/Linux\/v3.x86_64 --mlagents-port 5092","communication_protocol_version":"1.0.0","com.unity.ml-agents_version":"1.0.5","scene_name":"SampleScene","end_time_seconds":"1603767046"}}