{"count":1,"self":16.4563552,"total":142.080319,"children":{"InitializeActuators":{"count":72,"self":0.002058,"total":0.002058,"children":null},"InitializeSensors":{"count":72,"self":0.0021379999999999997,"total":0.0021379999999999997,"children":null},"AgentSendState":{"count":6838,"self":0.34609,"total":23.767937999999997,"children":{"CollectObservations":{"count":98496,"self":15.0649696,"total":15.064969,"children":null},"CollectDiscreteActionMasks":{"count":98496,"self":0.073260999999999993,"total":0.073260999999999993,"children":null},"RequestDecision":{"count":98496,"self":0.152138,"total":8.2836179999999988,"children":{"AgentInfo.ToProto":{"count":98496,"self":0.19261799999999998,"total":8.13148,"children":{"GenerateSensorData":{"count":98496,"self":7.9388624,"total":7.9388619999999994,"children":null}}}}}}},"DecideAction":{"count":6838,"self":101.732224,"total":101.732225,"children":null},"AgentAct":{"count":6838,"self":0.11729099999999999,"total":0.11729099999999999,"children":null}},"gauges":{},"metadata":{"timer_format_version":"0.1.0","start_time_seconds":"1607511665","unity_version":"2019.4.12f1","command_line_arguments":"\/Users\/seungju\/Documents\/SAC\/.\/Env\/MacOs\/Env24.app\/Contents\/MacOS\/Robot --mlagents-port 5103","communication_protocol_version":"1.2.0","com.unity.ml-agents_version":"1.5.0-preview","scene_name":"Env24","end_time_seconds":"1607511807"}}