{"count":1,"self":17.3349376,"total":217.411645,"children":{"InitializeActuators":{"count":72,"self":0.002091,"total":0.002091,"children":null},"InitializeSensors":{"count":72,"self":0.002144,"total":0.002144,"children":null},"AgentSendState":{"count":8028,"self":0.451045,"total":29.710001,"children":{"CollectObservations":{"count":115632,"self":18.7641152,"total":18.771907,"children":{"AgentInfo.ToProto":{"count":73,"self":0.00029099999999999997,"total":0.0077919999999999994,"children":{"GenerateSensorData":{"count":73,"self":0.007501,"total":0.007501,"children":null}}}}},"CollectDiscreteActionMasks":{"count":115632,"self":0.085289999999999991,"total":0.085289999999999991,"children":null},"RequestDecision":{"count":115632,"self":0.19805899999999999,"total":10.401759,"children":{"AgentInfo.ToProto":{"count":115632,"self":0.24743099999999998,"total":10.2037,"children":{"GenerateSensorData":{"count":115632,"self":9.9562688,"total":9.9562689999999989,"children":null}}}}}}},"DecideAction":{"count":8028,"self":170.20383999999999,"total":170.203837,"children":null},"AgentAct":{"count":8028,"self":0.156474,"total":0.156474,"children":null}},"gauges":{"Robot.CumulativeReward":{"count":73,"max":-9.411779,"min":-2082.68237,"runningAverage":-432.0989,"value":-9.411779,"weightedAverage":-390.92514}},"metadata":{"timer_format_version":"0.1.0","start_time_seconds":"1607506217","unity_version":"2019.4.12f1","command_line_arguments":"\/Users\/seungju\/Documents\/SAC\/.\/Env\/MacOs\/Env24.app\/Contents\/MacOS\/Robot --mlagents-port 5083","communication_protocol_version":"1.2.0","com.unity.ml-agents_version":"1.5.0-preview","scene_name":"Env24","end_time_seconds":"1607506435"}}