{"count":1,"self":85.6461504,"total":297.024947,"children":{"AgentSendState":{"count":7201,"self":0.249492,"total":33.747285999999995,"children":{"CollectObservations":{"count":80696,"self":31.801571199999998,"total":31.801571,"children":null},"CollectDiscreteActionMasks":{"count":80696,"self":0.033909999999999996,"total":0.033909999999999996,"children":null},"AgentInfo.ToProto":{"count":80696,"self":0.12069099999999999,"total":1.662313,"children":{"GenerateSensorData":{"count":80696,"self":1.5416219999999998,"total":1.5416219999999998,"children":null}}}}},"DecideAction":{"count":7201,"self":177.6161152,"total":177.616118,"children":null},"AgentAct":{"count":7201,"self":0.01377,"total":0.01377,"children":null}},"gauges":{},"metadata":{"timer_format_version":"0.1.0","start_time_seconds":"1613227784","unity_version":"2020.2.2f1","command_line_arguments":"\/home\/seungju\/sac\/.\/Env\/Linux\/Cargo_56_easy.x86_64 --mlagents-port 5060","communication_protocol_version":"1.0.0","com.unity.ml-agents_version":"1.0.6","scene_name":"DemoEnv","end_time_seconds":"1613228081"}}