{"count":1,"self":67.7976832,"total":199.67873899999998,"children":{"AgentSendState":{"count":5602,"self":0.201511,"total":26.268466999999998,"children":{"CollectObservations":{"count":62832,"self":24.4908496,"total":24.490848999999997,"children":null},"CollectDiscreteActionMasks":{"count":62832,"self":0.027554,"total":0.027554,"children":null},"AgentInfo.ToProto":{"count":62832,"self":0.11262399999999999,"total":1.5485529999999998,"children":{"GenerateSensorData":{"count":62832,"self":1.435929,"total":1.435929,"children":null}}}}},"DecideAction":{"count":5602,"self":105.5999296,"total":105.599932,"children":null},"AgentAct":{"count":5602,"self":0.011035999999999999,"total":0.011035999999999999,"children":null}},"gauges":{},"metadata":{"timer_format_version":"0.1.0","start_time_seconds":"1613228890","unity_version":"2020.2.2f1","command_line_arguments":"\/home\/seungju\/sac\/.\/Env\/Linux\/Cargo_56_easy.x86_64 --mlagents-port 5023","communication_protocol_version":"1.0.0","com.unity.ml-agents_version":"1.0.6","scene_name":"DemoEnv","end_time_seconds":"1613229090"}}