{"count":1,"self":891.91147519999993,"total":2522.223819,"children":{"AgentSendState":{"count":93962,"self":5.8658047999999994,"total":758.63899399999991,"children":{"CollectObservations":{"count":1052464,"self":701.1221504,"total":701.122169,"children":null},"CollectDiscreteActionMasks":{"count":1052464,"self":0.838534,"total":0.838534,"children":null},"AgentInfo.ToProto":{"count":1052464,"self":3.031713,"total":50.812486,"children":{"GenerateSensorData":{"count":1052464,"self":47.7807744,"total":47.780772999999996,"children":null}}}}},"DecideAction":{"count":93962,"self":871.4775552,"total":871.477575,"children":null},"AgentAct":{"count":93962,"self":0.19419499999999998,"total":0.19419499999999998,"children":null}},"gauges":{},"metadata":{"timer_format_version":"0.1.0","start_time_seconds":"1613461547","unity_version":"2020.2.2f1","command_line_arguments":"\/home\/seungju\/LSTMSAC\/.\/Env\/Linux\/Cargo_56_easy.x86_64 --mlagents-port 5085","communication_protocol_version":"1.0.0","com.unity.ml-agents_version":"1.0.6","scene_name":"DemoEnv","end_time_seconds":"1613464069"}}