{"count":1,"self":14.3744816,"total":702.418548,"children":{"AgentSendState":{"count":48082,"self":1.1625159999999999,"total":159.34385699999999,"children":{"CollectObservations":{"count":538608,"self":144.77259519999998,"total":144.772591,"children":null},"CollectDiscreteActionMasks":{"count":538608,"self":0.19006199999999998,"total":0.19006199999999998,"children":null},"AgentInfo.ToProto":{"count":538608,"self":0.699714,"total":13.218688,"children":{"GenerateSensorData":{"count":538608,"self":12.5189744,"total":12.518974,"children":null}}}}},"DecideAction":{"count":48082,"self":528.63616,"total":528.636174,"children":null},"AgentAct":{"count":48082,"self":0.062479999999999994,"total":0.062479999999999994,"children":null}},"gauges":{},"metadata":{"timer_format_version":"0.1.0","start_time_seconds":"1613373140","unity_version":"2020.2.2f1","command_line_arguments":"\/home\/seungju\/LSTMSAC\/.\/Env\/Linux\/Cargo_56_easy.x86_64 --mlagents-port 5088","communication_protocol_version":"1.0.0","com.unity.ml-agents_version":"1.0.6","scene_name":"DemoEnv","end_time_seconds":"1613373842"}}