{"count":1,"self":157.5854592,"total":250.14925599999998,"children":{"InitializeActuators":{"count":6,"self":0.001129,"total":0.001129,"children":null},"InitializeSensors":{"count":6,"self":0.00067099999999999994,"total":0.00067099999999999994,"children":null},"AgentSendState":{"count":12371,"self":0.24806399999999998,"total":36.174667,"children":{"CollectObservations":{"count":14850,"self":32.5254688,"total":32.526590999999996,"children":{"AgentInfo.ToProto":{"count":6,"self":5.4E-05,"total":0.0011229999999999999,"children":{"GenerateSensorData":{"count":6,"self":0.0010689999999999999,"total":0.0010689999999999999,"children":null}}}}},"CollectDiscreteActionMasks":{"count":14850,"self":0.03668,"total":0.03668,"children":null},"RequestDecision":{"count":14850,"self":0.090574,"total":3.3633319999999998,"children":{"AgentInfo.ToProto":{"count":14850,"self":0.104407,"total":3.272758,"children":{"GenerateSensorData":{"count":14850,"self":3.168351,"total":3.168351,"children":null}}}}}}},"DecideAction":{"count":12371,"self":56.3060544,"total":56.306056999999996,"children":null},"AgentAct":{"count":12371,"self":0.079882,"total":0.079882,"children":null}},"gauges":{"Robot.CumulativeReward":{"count":6,"max":181.79068,"min":38.9915428,"runningAverage":117.371269,"value":38.9915428,"weightedAverage":108.043327}},"metadata":{"timer_format_version":"0.1.0","start_time_seconds":"1609830823","unity_version":"2019.4.12f1","command_line_arguments":"\/home\/seungju\/LSTMSAC\/.\/Env\/Linux\/LotteZoomIn.x86_64 --mlagents-port 5063","communication_protocol_version":"1.2.0","com.unity.ml-agents_version":"1.5.0-preview","scene_name":"LotteEnv","end_time_seconds":"1609831073"}}