{"count":1,"self":121.6703872,"total":131.89484299999998,"children":{"InitializeActuators":{"count":3,"self":0.0011179999999999999,"total":0.0011179999999999999,"children":null},"InitializeSensors":{"count":3,"self":0.000543,"total":0.000543,"children":null},"AgentSendState":{"count":6466,"self":0.038983,"total":0.82053999999999994,"children":{"CollectObservations":{"count":3882,"self":0.58677499999999994,"total":0.58677499999999994,"children":null},"CollectDiscreteActionMasks":{"count":3882,"self":0.004052,"total":0.004052,"children":null},"RequestDecision":{"count":3882,"self":0.008783,"total":0.19072999999999998,"children":{"AgentInfo.ToProto":{"count":3882,"self":0.011715,"total":0.181947,"children":{"GenerateSensorData":{"count":3882,"self":0.170232,"total":0.170232,"children":null}}}}}}},"DecideAction":{"count":6466,"self":9.3782807999999989,"total":9.378281,"children":null},"AgentAct":{"count":6466,"self":0.022494999999999998,"total":0.022494999999999998,"children":null}},"gauges":{},"metadata":{"timer_format_version":"0.1.0","start_time_seconds":"1609048558","unity_version":"2019.4.12f1","command_line_arguments":"\/home\/seungju\/LSTMSAC\/.\/Env\/Linux\/LotteZoomIn.x86_64 --mlagents-port 5047","communication_protocol_version":"1.2.0","com.unity.ml-agents_version":"1.5.0-preview","scene_name":"LotteEnv","end_time_seconds":"1609048690"}}