{"count":1,"self":0.86903599999999992,"total":17.462298,"children":{"InitializeActuators":{"count":15,"self":0.0011309999999999998,"total":0.0011309999999999998,"children":null},"InitializeSensors":{"count":15,"self":0.000691,"total":0.000691,"children":null},"AgentSendState":{"count":1,"self":0.00089799999999999993,"total":0.015907,"children":{"CollectObservations":{"count":15,"self":0.010461999999999999,"total":0.010461999999999999,"children":null},"CollectDiscreteActionMasks":{"count":15,"self":9.3E-05,"total":9.3E-05,"children":null},"RequestDecision":{"count":15,"self":0.001085,"total":0.004454,"children":{"AgentInfo.ToProto":{"count":15,"self":0.000486,"total":0.003369,"children":{"GenerateSensorData":{"count":15,"self":0.0028829999999999997,"total":0.0028829999999999997,"children":null}}}}}}},"DecideAction":{"count":1,"self":16.5737024,"total":16.573702,"children":null},"AgentAct":{"count":1,"self":0.00033999999999999997,"total":0.00033999999999999997,"children":null}},"gauges":{},"metadata":{"timer_format_version":"0.1.0","start_time_seconds":"1605092409","unity_version":"2019.4.12f1","command_line_arguments":"\/home\/seungju\/RL\/.\/Env\/Linux\/v4\/4MoreSimpleEnv_1440.x86_64 --mlagents-port 5039","communication_protocol_version":"1.2.0","com.unity.ml-agents_version":"1.5.0-preview","scene_name":"simpleEnv","end_time_seconds":"1605092426"}}