{"count":1,"self":2412.9040384,"total":8566.390339,"children":{"InitializeActuators":{"count":48,"self":0.0012109999999999998,"total":0.0012109999999999998,"children":null},"InitializeSensors":{"count":48,"self":0.000721,"total":0.000721,"children":null},"AgentSendState":{"count":851996,"self":21.3054848,"total":1282.6359519999999,"children":{"CollectObservations":{"count":8179200,"self":873.79650559999993,"total":874.533651,"children":{"AgentInfo.ToProto":{"count":15313,"self":0.027846,"total":0.73715599999999992,"children":{"GenerateSensorData":{"count":15313,"self":0.70931,"total":0.70931,"children":null}}}}},"CollectDiscreteActionMasks":{"count":8179200,"self":3.5129919999999997,"total":3.5129919999999997,"children":null},"RequestDecision":{"count":8179200,"self":7.9225271999999993,"total":383.283824,"children":{"AgentInfo.ToProto":{"count":8179200,"self":10.2911272,"total":375.361297,"children":{"GenerateSensorData":{"count":8179200,"self":365.07018239999996,"total":365.07016999999996,"children":null}}}}}}},"DecideAction":{"count":851996,"self":4864.9777152,"total":4864.977883,"children":null},"AgentAct":{"count":851996,"self":5.8695752,"total":5.8695749999999993,"children":null}},"gauges":{"Robot.CumulativeReward":{"count":15313,"max":50.448288,"min":-62.77827,"runningAverage":-11.7615061,"value":-9.43827152,"weightedAverage":-11.34483}},"metadata":{"timer_format_version":"0.1.0","start_time_seconds":"1606402573","unity_version":"2019.4.12f1","command_line_arguments":"\/home\/seungju\/RL\/.\/Env\/Linux\/LongEnv16.x86_64 --mlagents-port 5032","communication_protocol_version":"1.2.0","com.unity.ml-agents_version":"1.5.0-preview","scene_name":"Env16","end_time_seconds":"1606411139"}}