{"count":1,"self":20506.545356799998,"total":30598.488479,"children":{"InitializeActuators":{"count":48,"self":0.001255,"total":0.001255,"children":null},"InitializeSensors":{"count":48,"self":0.000739,"total":0.000739,"children":null},"AgentSendState":{"count":3041305,"self":55.1971968,"total":3222.232305,"children":{"CollectObservations":{"count":7299168,"self":2234.955776,"total":2238.02103,"children":{"AgentInfo.ToProto":{"count":23822,"self":0.114411,"total":3.065346,"children":{"GenerateSensorData":{"count":23822,"self":2.950935,"total":2.950935,"children":null}}}}},"CollectDiscreteActionMasks":{"count":7299168,"self":8.001472,"total":8.001472,"children":null},"RequestDecision":{"count":7299168,"self":20.995672,"total":921.012605,"children":{"AgentInfo.ToProto":{"count":7299168,"self":25.874404799999997,"total":900.016933,"children":{"GenerateSensorData":{"count":7299168,"self":874.14251519999993,"total":874.142528,"children":null}}}}}}},"DecideAction":{"count":3041305,"self":6830.8561919999993,"total":6830.856102,"children":null},"AgentAct":{"count":3041305,"self":38.8521344,"total":38.852134,"children":null}},"gauges":{"Robot.CumulativeReward":{"count":23822,"max":24.5078926,"min":-112.2811,"runningAverage":-30.5592728,"value":-8.232554,"weightedAverage":-16.8967628}},"metadata":{"timer_format_version":"0.1.0","start_time_seconds":"1606285203","unity_version":"2019.4.12f1","command_line_arguments":"\/home\/seungju\/RL\/.\/Env\/Linux\/LongEnv16.x86_64 --mlagents-port 5043","communication_protocol_version":"1.2.0","com.unity.ml-agents_version":"1.5.0-preview","scene_name":"Env16","end_time_seconds":"1606315801"}}