{"count":1,"self":15.989476799999998,"total":25.809475,"children":{"InitializeActuators":{"count":48,"self":0.001242,"total":0.001242,"children":null},"InitializeSensors":{"count":48,"self":0.00071499999999999992,"total":0.00071499999999999992,"children":null},"AgentSendState":{"count":2302,"self":0.055237999999999995,"total":3.36651,"children":{"CollectObservations":{"count":5568,"self":2.309856,"total":2.328178,"children":{"AgentInfo.ToProto":{"count":110,"self":0.000614,"total":0.018321999999999998,"children":{"GenerateSensorData":{"count":110,"self":0.017707999999999998,"total":0.017707999999999998,"children":null}}}}},"CollectDiscreteActionMasks":{"count":5568,"self":0.0087409999999999988,"total":0.0087409999999999988,"children":null},"RequestDecision":{"count":5568,"self":0.022355,"total":0.97435299999999991,"children":{"AgentInfo.ToProto":{"count":5568,"self":0.026903,"total":0.951998,"children":{"GenerateSensorData":{"count":5568,"self":0.925095,"total":0.925095,"children":null}}}}}}},"DecideAction":{"count":2302,"self":6.415998,"total":6.415998,"children":null},"AgentAct":{"count":2302,"self":0.034669,"total":0.034669,"children":null}},"gauges":{"Robot.CumulativeReward":{"count":110,"max":-3.75181484,"min":-96.30026,"runningAverage":-38.35228,"value":-39.974575,"weightedAverage":-39.9635353}},"metadata":{"timer_format_version":"0.1.0","start_time_seconds":"1606283965","unity_version":"2019.4.12f1","command_line_arguments":"\/home\/seungju\/RL\/.\/Env\/Linux\/LongEnv16.x86_64 --mlagents-port 5087","communication_protocol_version":"1.2.0","com.unity.ml-agents_version":"1.5.0-preview","scene_name":"Env16","end_time_seconds":"1606283991"}}