{"count":1,"self":78.11627519999999,"total":242.16456699999998,"children":{"InitializeActuators":{"count":3,"self":0.001099,"total":0.001099,"children":null},"InitializeSensors":{"count":3,"self":0.000619,"total":0.000619,"children":null},"AgentSendState":{"count":17941,"self":0.088926999999999992,"total":14.19084,"children":{"CollectObservations":{"count":10767,"self":12.9803008,"total":12.987693,"children":{"AgentInfo.ToProto":{"count":55,"self":0.00025499999999999996,"total":0.0073919999999999993,"children":{"GenerateSensorData":{"count":55,"self":0.0071369999999999992,"total":0.0071369999999999992,"children":null}}}}},"CollectDiscreteActionMasks":{"count":10767,"self":0.010709999999999999,"total":0.010709999999999999,"children":null},"RequestDecision":{"count":10767,"self":0.027603,"total":1.10351,"children":{"AgentInfo.ToProto":{"count":10767,"self":0.037607,"total":1.075907,"children":{"GenerateSensorData":{"count":10767,"self":1.0383,"total":1.0383,"children":null}}}}}}},"DecideAction":{"count":17941,"self":149.8231296,"total":149.823126,"children":null},"AgentAct":{"count":17941,"self":0.031561,"total":0.031561,"children":null}},"gauges":{"Robot.CumulativeReward":{"count":55,"max":-13.5265207,"min":-159.294037,"runningAverage":-69.52976,"value":-67.73238,"weightedAverage":-60.2691078}},"metadata":{"timer_format_version":"0.1.0","start_time_seconds":"1604764342","unity_version":"2019.4.12f1","command_line_arguments":"\/home\/seungju\/RL\/.\/Env\/Linux\/v4\/imgv4_3.x86_64 --mlagents-port 5096","communication_protocol_version":"1.2.0","com.unity.ml-agents_version":"1.5.0-preview","scene_name":"SampleScene","end_time_seconds":"1604764584"}}