{"count":1,"self":1153.5647744,"total":36117.893526,"children":{"InitializeActuators":{"count":64,"self":0.001269,"total":0.001269,"children":null},"InitializeSensors":{"count":64,"self":0.001282,"total":0.001282,"children":null},"AgentSendState":{"count":1455664,"self":45.8653056,"total":8271.952377,"children":{"CollectObservations":{"count":18632512,"self":7546.7751424,"total":7546.992252,"children":{"AgentInfo.ToProto":{"count":5760,"self":0.0081409999999999989,"total":0.21693199999999999,"children":{"GenerateSensorData":{"count":5760,"self":0.208791,"total":0.208791,"children":null}}}}},"CollectDiscreteActionMasks":{"count":18632512,"self":8.3606008,"total":8.3606009999999991,"children":null},"RequestDecision":{"count":18632512,"self":17.517934399999998,"total":670.73421899999994,"children":{"AgentInfo.ToProto":{"count":18632512,"self":20.5967712,"total":653.216285,"children":{"GenerateSensorData":{"count":18632512,"self":632.61952,"total":632.619514,"children":null}}}}}}},"DecideAction":{"count":1455664,"self":26680.1446912,"total":26680.144796,"children":null},"AgentAct":{"count":1455664,"self":12.2274976,"total":12.227497999999999,"children":null}},"gauges":{"Robot.CumulativeReward":{"count":5760,"max":2.32676,"min":-369.533569,"runningAverage":-79.51983,"value":-38.8881874,"weightedAverage":-39.79833}},"metadata":{"timer_format_version":"0.1.0","start_time_seconds":"1611084046","unity_version":"2019.4.12f1","command_line_arguments":"\/home\/seungju\/LSTMSAC\/.\/Env\/Linux\/Lotte08.x86_64 --mlagents-port 5038","communication_protocol_version":"1.2.0","com.unity.ml-agents_version":"1.5.0-preview","scene_name":"LotteEnv","end_time_seconds":"1611120164"}}