{"count":1,"self":390.5312512,"total":21982.947388999997,"children":{"InitializeActuators":{"count":64,"self":0.0013109999999999999,"total":0.0013109999999999999,"children":null},"InitializeSensors":{"count":64,"self":0.001295,"total":0.001295,"children":null},"AgentSendState":{"count":474556,"self":15.5700176,"total":2723.718951,"children":{"CollectObservations":{"count":6074368,"self":2481.9675136,"total":2482.053824,"children":{"AgentInfo.ToProto":{"count":1856,"self":0.00278,"total":0.086393,"children":{"GenerateSensorData":{"count":1856,"self":0.083612999999999993,"total":0.083612999999999993,"children":null}}}}},"CollectDiscreteActionMasks":{"count":6074368,"self":2.660444,"total":2.660444,"children":null},"RequestDecision":{"count":6074368,"self":5.80864,"total":223.434666,"children":{"AgentInfo.ToProto":{"count":6074368,"self":7.0934392,"total":217.626026,"children":{"GenerateSensorData":{"count":6074368,"self":210.5325824,"total":210.53258699999998,"children":null}}}}}}},"DecideAction":{"count":474556,"self":18864.2000896,"total":18864.200235,"children":null},"AgentAct":{"count":474556,"self":4.492432,"total":4.492432,"children":null}},"gauges":{"Robot.CumulativeReward":{"count":1856,"max":10.3073072,"min":-1143.236,"runningAverage":-89.10075,"value":-49.2441025,"weightedAverage":-55.7574577}},"metadata":{"timer_format_version":"0.1.0","start_time_seconds":"1611062050","unity_version":"2019.4.12f1","command_line_arguments":"\/home\/seungju\/LSTMSAC\/.\/Env\/Linux\/Lotte08.x86_64 --mlagents-port 5037","communication_protocol_version":"1.2.0","com.unity.ml-agents_version":"1.5.0-preview","scene_name":"LotteEnv","end_time_seconds":"1611084033"}}