{"count":1,"self":1092.307456,"total":17089.225286999997,"children":{"InitializeActuators":{"count":64,"self":0.001303,"total":0.001303,"children":null},"InitializeSensors":{"count":64,"self":0.000824,"total":0.000824,"children":null},"AgentSendState":{"count":1367706,"self":36.166208,"total":7549.7230549999995,"children":{"CollectObservations":{"count":17506688,"self":6901.1800064,"total":6902.0506609999993,"children":{"AgentInfo.ToProto":{"count":21824,"self":0.028953,"total":0.87060699999999991,"children":{"GenerateSensorData":{"count":21824,"self":0.841654,"total":0.841654,"children":null}}}}},"CollectDiscreteActionMasks":{"count":17506688,"self":6.1865559999999995,"total":6.1865559999999995,"children":null},"RequestDecision":{"count":17506688,"self":14.949392,"total":605.319631,"children":{"AgentInfo.ToProto":{"count":17506688,"self":17.3932608,"total":590.370239,"children":{"GenerateSensorData":{"count":17506688,"self":572.9769984,"total":572.976979,"children":null}}}}}}},"DecideAction":{"count":1367706,"self":8437.7321472,"total":8437.7318199999991,"children":null},"AgentAct":{"count":1367706,"self":9.459456,"total":9.459456,"children":null}},"gauges":{"Robot.CumulativeReward":{"count":21824,"max":269.089325,"min":-185.220245,"runningAverage":152.211716,"value":111.3932,"weightedAverage":150.169418}},"metadata":{"timer_format_version":"0.1.0","start_time_seconds":"1609574832","unity_version":"2019.4.12f1","command_line_arguments":"\/home\/seungju\/LSTMSAC\/.\/Env\/Linux\/Lotte08.x86_64 --mlagents-port 5042","communication_protocol_version":"1.2.0","com.unity.ml-agents_version":"1.5.0-preview","scene_name":"LotteEnv","end_time_seconds":"1609591922"}}