{"count":1,"self":1.9787119999999998,"total":20.42275,"children":{"InitializeActuators":{"count":64,"self":0.001249,"total":0.001249,"children":null},"InitializeSensors":{"count":64,"self":0.00069299999999999993,"total":0.00069299999999999993,"children":null},"AgentSendState":{"count":1403,"self":0.043158999999999996,"total":8.227136999999999,"children":{"CollectObservations":{"count":17984,"self":7.3900527999999994,"total":7.390053,"children":null},"CollectDiscreteActionMasks":{"count":17984,"self":0.006751,"total":0.006751,"children":null},"RequestDecision":{"count":17984,"self":0.018497,"total":0.78717399999999993,"children":{"AgentInfo.ToProto":{"count":17984,"self":0.020277999999999997,"total":0.76867699999999994,"children":{"GenerateSensorData":{"count":17984,"self":0.74839899999999993,"total":0.74839899999999993,"children":null}}}}}}},"DecideAction":{"count":1403,"self":10.202604,"total":10.202604,"children":null},"AgentAct":{"count":1403,"self":0.010848,"total":0.010848,"children":null}},"gauges":{},"metadata":{"timer_format_version":"0.1.0","start_time_seconds":"1609830695","unity_version":"2019.4.12f1","command_line_arguments":"\/home\/seungju\/LSTMSAC\/.\/Env\/Linux\/Lotte08.x86_64 --mlagents-port 5034","communication_protocol_version":"1.2.0","com.unity.ml-agents_version":"1.5.0-preview","scene_name":"LotteEnv","end_time_seconds":"1609830716"}}