{"count":1,"self":4.0309672,"total":39.326097999999995,"children":{"InitializeActuators":{"count":64,"self":0.001277,"total":0.001277,"children":null},"InitializeSensors":{"count":64,"self":0.000722,"total":0.000722,"children":null},"AgentSendState":{"count":2752,"self":0.080315,"total":16.069557,"children":{"CollectObservations":{"count":35264,"self":14.4054544,"total":14.405453999999999,"children":null},"CollectDiscreteActionMasks":{"count":35264,"self":0.014400999999999999,"total":0.014400999999999999,"children":null},"RequestDecision":{"count":35264,"self":0.033535999999999996,"total":1.5693869999999999,"children":{"AgentInfo.ToProto":{"count":35264,"self":0.039612,"total":1.5358509999999999,"children":{"GenerateSensorData":{"count":35264,"self":1.4962389999999999,"total":1.4962389999999999,"children":null}}}}}}},"DecideAction":{"count":2752,"self":19.2025824,"total":19.202582,"children":null},"AgentAct":{"count":2752,"self":0.019594,"total":0.019594,"children":null}},"gauges":{},"metadata":{"timer_format_version":"0.1.0","start_time_seconds":"1610602989","unity_version":"2019.4.12f1","command_line_arguments":"\/home\/seungju\/LSTMSAC\/.\/Env\/Linux\/Lotte08.x86_64 --mlagents-port 5083","communication_protocol_version":"1.2.0","com.unity.ml-agents_version":"1.5.0-preview","scene_name":"LotteEnv","end_time_seconds":"1610603028"}}