{"count":1,"self":11.0543856,"total":202.16396899999998,"children":{"InitializeActuators":{"count":64,"self":0.001245,"total":0.001245,"children":null},"InitializeSensors":{"count":64,"self":0.000694,"total":0.000694,"children":null},"AgentSendState":{"count":13625,"self":0.361373,"total":77.327794,"children":{"CollectObservations":{"count":174400,"self":70.0009152,"total":70.004268,"children":{"AgentInfo.ToProto":{"count":64,"self":8.8E-05,"total":0.0033529999999999996,"children":{"GenerateSensorData":{"count":64,"self":0.0032649999999999997,"total":0.0032649999999999997,"children":null}}}}},"CollectDiscreteActionMasks":{"count":174400,"self":0.061822999999999996,"total":0.061822999999999996,"children":null},"RequestDecision":{"count":174400,"self":0.153413,"total":6.9003299999999994,"children":{"AgentInfo.ToProto":{"count":174400,"self":0.180648,"total":6.746917,"children":{"GenerateSensorData":{"count":174400,"self":6.5662688,"total":6.566269,"children":null}}}}}}},"DecideAction":{"count":13625,"self":113.68564479999999,"total":113.68564099999999,"children":null},"AgentAct":{"count":13625,"self":0.092822,"total":0.092822,"children":null}},"gauges":{"Robot.CumulativeReward":{"count":64,"max":-109.322,"min":-485.467072,"runningAverage":-187.823959,"value":-220.066742,"weightedAverage":-168.519226}},"metadata":{"timer_format_version":"0.1.0","start_time_seconds":"1610616785","unity_version":"2019.4.12f1","command_line_arguments":"\/home\/seungju\/LSTMSAC\/.\/Env\/Linux\/Lotte08.x86_64 --mlagents-port 5052","communication_protocol_version":"1.2.0","com.unity.ml-agents_version":"1.5.0-preview","scene_name":"LotteEnv","end_time_seconds":"1610616987"}}