{"count":1,"self":0.729949,"total":18.819725,"children":{"InitializeActuators":{"count":8,"self":0.001117,"total":0.001117,"children":null},"InitializeSensors":{"count":8,"self":0.000556,"total":0.000556,"children":null},"AgentSendState":{"count":1,"self":0.004078,"total":0.039362999999999995,"children":{"CollectObservations":{"count":8,"self":0.024073999999999998,"total":0.024073999999999998,"children":null},"CollectDiscreteActionMasks":{"count":8,"self":0.00037299999999999996,"total":0.00037299999999999996,"children":null},"RequestDecision":{"count":8,"self":0.002941,"total":0.010837999999999999,"children":{"AgentInfo.ToProto":{"count":8,"self":0.001282,"total":0.007897,"children":{"GenerateSensorData":{"count":8,"self":0.0066149999999999994,"total":0.0066149999999999994,"children":null}}}}}}},"DecideAction":{"count":1,"self":18.046903999999998,"total":18.046903999999998,"children":null},"AgentAct":{"count":1,"self":0.00033099999999999997,"total":0.00033099999999999997,"children":null}},"gauges":{},"metadata":{"timer_format_version":"0.1.0","start_time_seconds":"1609732425","unity_version":"2019.4.12f1","command_line_arguments":"\/home\/seungju\/LSTMSAC\/.\/Env\/Linux\/Lotte08.x86_64 --mlagents-port 5064","communication_protocol_version":"1.2.0","com.unity.ml-agents_version":"1.5.0-preview","scene_name":"LotteEnv","end_time_seconds":"1609732444"}}