{"count":1,"self":2.601204,"total":26.072566,"children":{"InitializeActuators":{"count":64,"self":0.0012649999999999998,"total":0.0012649999999999998,"children":null},"InitializeSensors":{"count":64,"self":0.0012799999999999999,"total":0.0012799999999999999,"children":null},"AgentSendState":{"count":817,"self":0.049826999999999996,"total":7.2858199999999993,"children":{"CollectObservations":{"count":10496,"self":6.4016259999999994,"total":6.409629,"children":{"AgentInfo.ToProto":{"count":64,"self":0.000897,"total":0.008003,"children":{"GenerateSensorData":{"count":64,"self":0.0071059999999999995,"total":0.0071059999999999995,"children":null}}}}},"CollectDiscreteActionMasks":{"count":10496,"self":0.009165,"total":0.009165,"children":null},"RequestDecision":{"count":10496,"self":0.019122999999999998,"total":0.817199,"children":{"AgentInfo.ToProto":{"count":10496,"self":0.030892,"total":0.798076,"children":{"GenerateSensorData":{"count":10496,"self":0.767184,"total":0.767184,"children":null}}}}}}},"DecideAction":{"count":817,"self":16.160752,"total":16.160752,"children":null},"AgentAct":{"count":817,"self":0.020534999999999998,"total":0.020534999999999998,"children":null}},"gauges":{"Robot.CumulativeReward":{"count":64,"max":-2.415108,"min":-42.96621,"runningAverage":-18.8070488,"value":-24.5090237,"weightedAverage":-23.0462284}},"metadata":{"timer_format_version":"0.1.0","start_time_seconds":"1610958250","unity_version":"2019.4.12f1","command_line_arguments":"\/home\/seungju\/LSTMSAC\/.\/Env\/Linux\/Lotte08.x86_64 --mlagents-port 5106","communication_protocol_version":"1.2.0","com.unity.ml-agents_version":"1.5.0-preview","scene_name":"LotteEnv","end_time_seconds":"1610958276"}}