{"count":1,"self":3.2201269999999997,"total":83.210307,"children":{"InitializeActuators":{"count":64,"self":0.001282,"total":0.001282,"children":null},"InitializeSensors":{"count":64,"self":0.00081399999999999994,"total":0.00081399999999999994,"children":null},"AgentSendState":{"count":3125,"self":0.092608,"total":17.995465,"children":{"CollectObservations":{"count":40000,"self":16.3685456,"total":16.372702,"children":{"AgentInfo.ToProto":{"count":120,"self":0.000207,"total":0.004157,"children":{"GenerateSensorData":{"count":120,"self":0.0039499999999999995,"total":0.0039499999999999995,"children":null}}}}},"CollectDiscreteActionMasks":{"count":40000,"self":0.015967,"total":0.015967,"children":null},"RequestDecision":{"count":40000,"self":0.038945,"total":1.5141879999999999,"children":{"AgentInfo.ToProto":{"count":40000,"self":0.045479,"total":1.4752429999999999,"children":{"GenerateSensorData":{"count":40000,"self":1.429764,"total":1.429764,"children":null}}}}}}},"DecideAction":{"count":3125,"self":61.967692799999995,"total":61.967695,"children":null},"AgentAct":{"count":3125,"self":0.023426,"total":0.023426,"children":null}},"gauges":{"Robot.CumulativeReward":{"count":120,"max":11.161315,"min":-20.3848572,"runningAverage":-2.6401155,"value":-0.0443788767,"weightedAverage":-1.11561227}},"metadata":{"timer_format_version":"0.1.0","start_time_seconds":"1609598739","unity_version":"2019.4.12f1","command_line_arguments":"\/home\/seungju\/LSTMSAC\/.\/Env\/Linux\/Lotte08.x86_64 --mlagents-port 5051","communication_protocol_version":"1.2.0","com.unity.ml-agents_version":"1.5.0-preview","scene_name":"LotteEnv","end_time_seconds":"1609598822"}}