{"count":1,"self":2412.7076352,"total":86428.806512,"children":{"InitializeActuators":{"count":64,"self":0.0013,"total":0.0013,"children":null},"InitializeSensors":{"count":64,"self":0.000743,"total":0.000743,"children":null},"AgentSendState":{"count":3081615,"self":82.8253632,"total":17493.621883,"children":{"CollectObservations":{"count":39444672,"self":16005.6999936,"total":16018.386578,"children":{"AgentInfo.ToProto":{"count":357431,"self":0.536613,"total":12.686015,"children":{"GenerateSensorData":{"count":357431,"self":12.1494016,"total":12.149402,"children":null}}}}},"CollectDiscreteActionMasks":{"count":39444672,"self":13.415151199999999,"total":13.415151,"children":null},"RequestDecision":{"count":39444672,"self":33.4342304,"total":1378.994788,"children":{"AgentInfo.ToProto":{"count":39444672,"self":40.1015328,"total":1345.560557,"children":{"GenerateSensorData":{"count":39444672,"self":1305.4589952,"total":1305.459023,"children":null}}}}}}},"DecideAction":{"count":3081615,"self":66501.378048,"total":66501.37572,"children":null},"AgentAct":{"count":3081615,"self":21.097614399999998,"total":21.097614999999998,"children":null}},"gauges":{"Robot.CumulativeReward":{"count":357431,"max":555.8622,"min":-82.609726,"runningAverage":24.1806889,"value":1.49809575,"weightedAverage":13.6341248}},"metadata":{"timer_format_version":"0.1.0","start_time_seconds":"1609645404","unity_version":"2019.4.12f1","command_line_arguments":"\/home\/seungju\/LSTMSAC\/.\/Env\/Linux\/Lotte08.x86_64 --mlagents-port 5020","communication_protocol_version":"1.2.0","com.unity.ml-agents_version":"1.5.0-preview","scene_name":"LotteEnv","end_time_seconds":"1609731833"}}