{"count":1,"self":2014.88384,"total":33573.074862,"children":{"InitializeActuators":{"count":64,"self":0.00129,"total":0.00129,"children":null},"InitializeSensors":{"count":64,"self":0.00072799999999999991,"total":0.00072799999999999991,"children":null},"AgentSendState":{"count":2628171,"self":71.0004288,"total":14764.710054,"children":{"CollectObservations":{"count":33640640,"self":13515.175526399998,"total":13516.69465,"children":{"AgentInfo.ToProto":{"count":41984,"self":0.058580999999999994,"total":1.5194429999999999,"children":{"GenerateSensorData":{"count":41984,"self":1.4608619999999999,"total":1.4608619999999999,"children":null}}}}},"CollectDiscreteActionMasks":{"count":33640640,"self":11.460787199999999,"total":11.460787,"children":null},"RequestDecision":{"count":33640640,"self":28.8850016,"total":1165.5541899999998,"children":{"AgentInfo.ToProto":{"count":33640640,"self":35.8395904,"total":1136.669189,"children":{"GenerateSensorData":{"count":33640640,"self":1100.8295936,"total":1100.829597,"children":null}}}}}}},"DecideAction":{"count":2628171,"self":16775.1401472,"total":16775.140387,"children":null},"AgentAct":{"count":2628171,"self":18.337172799999998,"total":18.337173,"children":null}},"gauges":{"Robot.CumulativeReward":{"count":41984,"max":53.15741,"min":-123.9858,"runningAverage":-0.126029864,"value":-0.0094453115,"weightedAverage":0.441895932}},"metadata":{"timer_format_version":"0.1.0","start_time_seconds":"1609863428","unity_version":"2019.4.12f1","command_line_arguments":"\/home\/seungju\/LSTMSAC\/.\/Env\/Linux\/Lotte08.x86_64 --mlagents-port 5048","communication_protocol_version":"1.2.0","com.unity.ml-agents_version":"1.5.0-preview","scene_name":"LotteEnv","end_time_seconds":"1609897001"}}