{"count":1,"self":1.9718639999999998,"total":21.433787,"children":{"InitializeActuators":{"count":64,"self":0.001292,"total":0.001292,"children":null},"InitializeSensors":{"count":64,"self":0.0012519999999999999,"total":0.0012519999999999999,"children":null},"AgentSendState":{"count":1154,"self":0.049027999999999995,"total":7.3890449999999994,"children":{"CollectObservations":{"count":14784,"self":6.5507079999999993,"total":6.5507079999999993,"children":null},"CollectDiscreteActionMasks":{"count":14784,"self":0.0080179999999999991,"total":0.0080179999999999991,"children":null},"RequestDecision":{"count":14784,"self":0.019261,"total":0.781291,"children":{"AgentInfo.ToProto":{"count":14784,"self":0.021151,"total":0.76203,"children":{"GenerateSensorData":{"count":14784,"self":0.740879,"total":0.740879,"children":null}}}}}}},"DecideAction":{"count":1154,"self":12.0524072,"total":12.052406999999999,"children":null},"AgentAct":{"count":1154,"self":0.016229999999999998,"total":0.016229999999999998,"children":null}},"gauges":{},"metadata":{"timer_format_version":"0.1.0","start_time_seconds":"1611059620","unity_version":"2019.4.12f1","command_line_arguments":"\/home\/seungju\/LSTMSAC\/.\/Env\/Linux\/Lotte08.x86_64 --mlagents-port 5039","communication_protocol_version":"1.2.0","com.unity.ml-agents_version":"1.5.0-preview","scene_name":"LotteEnv","end_time_seconds":"1611059641"}}