{"count":1,"self":13.536284799999999,"total":190.81558099999998,"children":{"InitializeActuators":{"count":64,"self":0.001268,"total":0.001268,"children":null},"InitializeSensors":{"count":64,"self":0.001237,"total":0.001237,"children":null},"AgentSendState":{"count":5718,"self":0.17165999999999998,"total":34.775777,"children":{"CollectObservations":{"count":73216,"self":31.5309344,"total":31.530932999999997,"children":null},"CollectDiscreteActionMasks":{"count":73216,"self":0.028576999999999998,"total":0.028576999999999998,"children":null},"RequestDecision":{"count":73216,"self":0.07113499999999999,"total":3.044607,"children":{"AgentInfo.ToProto":{"count":73216,"self":0.084429999999999991,"total":2.9734719999999997,"children":{"GenerateSensorData":{"count":73216,"self":2.889042,"total":2.889042,"children":null}}}}}}},"DecideAction":{"count":5718,"self":142.4564096,"total":142.456405,"children":null},"AgentAct":{"count":5718,"self":0.043137999999999996,"total":0.043137999999999996,"children":null}},"gauges":{},"metadata":{"timer_format_version":"0.1.0","start_time_seconds":"1612243852","unity_version":"2019.4.12f1","command_line_arguments":"\/home\/seungju\/LSTMSAC\/.\/Env\/Linux\/Lotte08.x86_64 --mlagents-port 5080","communication_protocol_version":"1.2.0","com.unity.ml-agents_version":"1.5.0-preview","scene_name":"LotteEnv","end_time_seconds":"1612244042"}}