{"count":1,"self":4700.1829376,"total":51377.262008,"children":{"InitializeActuators":{"count":64,"self":0.001246,"total":0.001246,"children":null},"InitializeSensors":{"count":64,"self":0.0012469999999999998,"total":0.0012469999999999998,"children":null},"AgentSendState":{"count":2121471,"self":74.3243456,"total":12345.808739999999,"children":{"CollectObservations":{"count":27154880,"self":11248.123904,"total":11248.906789999999,"children":{"AgentInfo.ToProto":{"count":21184,"self":0.030965,"total":0.78248,"children":{"GenerateSensorData":{"count":21184,"self":0.75151499999999993,"total":0.75151499999999993,"children":null}}}}},"CollectDiscreteActionMasks":{"count":27154880,"self":12.206244,"total":12.206244,"children":null},"RequestDecision":{"count":27154880,"self":26.855068799999998,"total":1010.371363,"children":{"AgentInfo.ToProto":{"count":27154880,"self":33.243420799999996,"total":983.51629299999991,"children":{"GenerateSensorData":{"count":27154880,"self":950.2729215999999,"total":950.272871,"children":null}}}}}}},"DecideAction":{"count":2121471,"self":34310.5142784,"total":34310.515537,"children":null},"AgentAct":{"count":2121471,"self":20.7509904,"total":20.750989999999998,"children":null}},"gauges":{"Robot.CumulativeReward":{"count":21184,"max":76.3100052,"min":-1960.4314,"runningAverage":-44.9417648,"value":-7.76809835,"weightedAverage":-11.6543989}},"metadata":{"timer_format_version":"0.1.0","start_time_seconds":"1612277121","unity_version":"2019.4.12f1","command_line_arguments":"\/home\/seungju\/LSTMSAC\/.\/Env\/Linux\/Lotte08.x86_64 --mlagents-port 5052","communication_protocol_version":"1.2.0","com.unity.ml-agents_version":"1.5.0-preview","scene_name":"LotteEnv","end_time_seconds":"1612328498"}}