{"count":1,"self":1665.1776,"total":28007.963057999998,"children":{"InitializeActuators":{"count":64,"self":0.0012799999999999999,"total":0.0012799999999999999,"children":null},"InitializeSensors":{"count":64,"self":0.00083,"total":0.00083,"children":null},"AgentSendState":{"count":2153223,"self":60.0165696,"total":12346.406823,"children":{"CollectObservations":{"count":27561280,"self":11302.5277952,"total":11304.344958,"children":{"AgentInfo.ToProto":{"count":34368,"self":0.048569999999999995,"total":1.8169259999999998,"children":{"GenerateSensorData":{"count":34368,"self":1.7683559999999998,"total":1.7683559999999998,"children":null}}}}},"CollectDiscreteActionMasks":{"count":27561280,"self":9.6865823999999989,"total":9.686582,"children":null},"RequestDecision":{"count":27561280,"self":23.7135744,"total":972.358716,"children":{"AgentInfo.ToProto":{"count":27561280,"self":28.484448,"total":948.645142,"children":{"GenerateSensorData":{"count":27561280,"self":920.1606655999999,"total":920.16069299999992,"children":null}}}}}}},"DecideAction":{"count":2153223,"self":13980.855500799998,"total":13980.854964999999,"children":null},"AgentAct":{"count":2153223,"self":15.5200784,"total":15.520078,"children":null}},"gauges":{"Robot.CumulativeReward":{"count":34368,"max":32.4163628,"min":-832.5305,"runningAverage":-6.639146,"value":0.368087828,"weightedAverage":-83.26432}},"metadata":{"timer_format_version":"0.1.0","start_time_seconds":"1609261885","unity_version":"2019.4.12f1","command_line_arguments":"\/home\/seungju\/LSTMSAC\/.\/Env\/Linux\/Lotte08.x86_64 --mlagents-port 5086","communication_protocol_version":"1.2.0","com.unity.ml-agents_version":"1.5.0-preview","scene_name":"LotteEnv","end_time_seconds":"1609289893"}}