{"count":1,"self":17.7979344,"total":662.188851,"children":{"InitializeActuators":{"count":64,"self":0.0013759999999999998,"total":0.0013759999999999998,"children":null},"InitializeSensors":{"count":64,"self":0.0012649999999999998,"total":0.0012649999999999998,"children":null},"AgentSendState":{"count":20013,"self":0.66220099999999993,"total":115.968465,"children":{"CollectObservations":{"count":256192,"self":105.1151616,"total":105.117364,"children":{"AgentInfo.ToProto":{"count":64,"self":9.8E-05,"total":0.002202,"children":{"GenerateSensorData":{"count":64,"self":0.002104,"total":0.002104,"children":null}}}}},"CollectDiscreteActionMasks":{"count":256192,"self":0.108654,"total":0.108654,"children":null},"RequestDecision":{"count":256192,"self":0.252903,"total":10.080245999999999,"children":{"AgentInfo.ToProto":{"count":256192,"self":0.306461,"total":9.8273429999999991,"children":{"GenerateSensorData":{"count":256192,"self":9.5208816,"total":9.520882,"children":null}}}}}}},"DecideAction":{"count":20013,"self":528.2416128,"total":528.241601,"children":null},"AgentAct":{"count":20013,"self":0.17660499999999998,"total":0.17660499999999998,"children":null}},"gauges":{"Robot.CumulativeReward":{"count":64,"max":-63.9985466,"min":-2123.30078,"runningAverage":-430.958954,"value":-395.3055,"weightedAverage":-385.965}},"metadata":{"timer_format_version":"0.1.0","start_time_seconds":"1611046215","unity_version":"2019.4.12f1","command_line_arguments":"\/home\/seungju\/LSTMSAC\/.\/Env\/Linux\/Lotte08.x86_64 --mlagents-port 5037","communication_protocol_version":"1.2.0","com.unity.ml-agents_version":"1.5.0-preview","scene_name":"LotteEnv","end_time_seconds":"1611046877"}}