{"count":1,"self":155.7809408,"total":6108.8917109999993,"children":{"InitializeActuators":{"count":48,"self":0.0018139999999999999,"total":0.0018139999999999999,"children":null},"InitializeSensors":{"count":48,"self":0.001243,"total":0.001243,"children":null},"AgentSendState":{"count":181009,"self":6.8227367999999995,"total":3813.2695599999997,"children":{"CollectObservations":{"count":1737696,"self":3675.4534399999998,"total":3675.648358,"children":{"AgentInfo.ToProto":{"count":2563,"self":0.007943,"total":0.194924,"children":{"GenerateSensorData":{"count":2563,"self":0.18698099999999998,"total":0.18698099999999998,"children":null}}}}},"CollectDiscreteActionMasks":{"count":1737696,"self":1.447543,"total":1.447543,"children":null},"RequestDecision":{"count":1737696,"self":2.7617909999999997,"total":129.350922,"children":{"AgentInfo.ToProto":{"count":1737696,"self":3.5981848,"total":126.589131,"children":{"GenerateSensorData":{"count":1737696,"self":122.99095039999999,"total":122.990946,"children":null}}}}}}},"DecideAction":{"count":181009,"self":2138.2346752,"total":2138.234688,"children":null},"AgentAct":{"count":181009,"self":1.6012499999999998,"total":1.6012499999999998,"children":null}},"gauges":{"Robot.CumulativeReward":{"count":2563,"max":48.07822,"min":-180.53772,"runningAverage":-73.95567,"value":-77.01749,"weightedAverage":-64.70521}},"metadata":{"timer_format_version":"0.1.0","start_time_seconds":"1605202807","unity_version":"2019.4.12f1","command_line_arguments":"\/Users\/seungju\/Documents\/SAC\/.\/Env\/MacOs\/simEnv16.app\/Contents\/MacOS\/Robot --mlagents-port 5057","communication_protocol_version":"1.2.0","com.unity.ml-agents_version":"1.5.0-preview","scene_name":"simEnv16","end_time_seconds":"1605208916"}}