{"count":1,"self":20.6246208,"total":49.416832,"children":{"InitializeActuators":{"count":108,"self":0.0015279999999999998,"total":0.0015279999999999998,"children":null},"InitializeSensors":{"count":108,"self":0.0010739999999999999,"total":0.0010739999999999999,"children":null},"AgentSendState":{"count":2246,"self":0.14282899999999998,"total":9.335454,"children":{"CollectObservations":{"count":48600,"self":6.4130072,"total":6.4130069999999995,"children":null},"CollectDiscreteActionMasks":{"count":48600,"self":0.025994999999999997,"total":0.025994999999999997,"children":null},"RequestDecision":{"count":48600,"self":0.056561999999999994,"total":2.7536229999999997,"children":{"AgentInfo.ToProto":{"count":48600,"self":0.067944999999999992,"total":2.6970609999999997,"children":{"GenerateSensorData":{"count":48600,"self":2.629116,"total":2.629116,"children":null}}}}}}},"DecideAction":{"count":2246,"self":19.407567999999998,"total":19.407567999999998,"children":null},"AgentAct":{"count":2246,"self":0.045094999999999996,"total":0.045094999999999996,"children":null}},"gauges":{},"metadata":{"timer_format_version":"0.1.0","start_time_seconds":"1607923330","unity_version":"2019.4.12f1","command_line_arguments":"\/home\/seungju\/LSTMSAC\/.\/Env\/Linux\/Env36.x86_64 --mlagents-port 5095","communication_protocol_version":"1.2.0","com.unity.ml-agents_version":"1.5.0-preview","scene_name":"Env16","end_time_seconds":"1607923379"}}