{"count":1,"self":6587.8257663999993,"total":83927.098531,"children":{"InitializeActuators":{"count":108,"self":0.001477,"total":0.001477,"children":null},"InitializeSensors":{"count":108,"self":0.001042,"total":0.001042,"children":null},"AgentSendState":{"count":3986816,"self":196.4448512,"total":13017.117643,"children":{"CollectObservations":{"count":86115312,"self":9012.119142399999,"total":9020.228175,"children":{"AgentInfo.ToProto":{"count":178956,"self":0.22710999999999998,"total":8.108883,"children":{"GenerateSensorData":{"count":178956,"self":7.8817727999999994,"total":7.881773,"children":null}}}}},"CollectDiscreteActionMasks":{"count":86115312,"self":40.2046272,"total":40.204628,"children":null},"RequestDecision":{"count":86115312,"self":77.8413952,"total":3760.239991,"children":{"AgentInfo.ToProto":{"count":86115312,"self":93.5694784,"total":3682.3985989999996,"children":{"GenerateSensorData":{"count":86115312,"self":3588.8291839999997,"total":3588.8291179999997,"children":null}}}}}}},"DecideAction":{"count":3986816,"self":64269.6085504,"total":64269.608894,"children":null},"AgentAct":{"count":3986816,"self":52.5423808,"total":52.542381999999996,"children":null}},"gauges":{"Robot.CumulativeReward":{"count":178956,"max":128.470612,"min":-280.5837,"runningAverage":52.1354675,"value":62.5421333,"weightedAverage":52.59601}},"metadata":{"timer_format_version":"0.1.0","start_time_seconds":"1607936833","unity_version":"2019.4.12f1","command_line_arguments":"\/home\/seungju\/LSTMSAC\/.\/Env\/Linux\/Env36.x86_64 --mlagents-port 5071","communication_protocol_version":"1.2.0","com.unity.ml-agents_version":"1.5.0-preview","scene_name":"Env16","end_time_seconds":"1608020760"}}