{"count":1,"self":3.516158,"total":14.067001,"children":{"InitializeActuators":{"count":108,"self":0.001446,"total":0.001446,"children":null},"InitializeSensors":{"count":108,"self":0.0010509999999999999,"total":0.0010509999999999999,"children":null},"AgentSendState":{"count":770,"self":0.038148999999999995,"total":2.570643,"children":{"CollectObservations":{"count":16632,"self":1.679053,"total":1.679053,"children":null},"CollectDiscreteActionMasks":{"count":16632,"self":0.0074129999999999995,"total":0.0074129999999999995,"children":null},"RequestDecision":{"count":16632,"self":0.015875,"total":0.846028,"children":{"AgentInfo.ToProto":{"count":16632,"self":0.018198,"total":0.83015299999999992,"children":{"GenerateSensorData":{"count":16632,"self":0.811955,"total":0.811955,"children":null}}}}}}},"DecideAction":{"count":770,"self":7.9653936,"total":7.965394,"children":null},"AgentAct":{"count":770,"self":0.010695999999999999,"total":0.010695999999999999,"children":null}},"gauges":{},"metadata":{"timer_format_version":"0.1.0","start_time_seconds":"1607841518","unity_version":"2019.4.12f1","command_line_arguments":"\/home\/seungju\/LSTMSAC\/.\/Env\/Linux\/Env36.x86_64 --mlagents-port 5076","communication_protocol_version":"1.2.0","com.unity.ml-agents_version":"1.5.0-preview","scene_name":"Env16","end_time_seconds":"1607841532"}}