{"count":1,"self":4433.9810304,"total":56341.200008,"children":{"InitializeActuators":{"count":108,"self":0.001437,"total":0.001437,"children":null},"InitializeSensors":{"count":108,"self":0.001028,"total":0.001028,"children":null},"AgentSendState":{"count":2677474,"self":131.50364159999998,"total":8692.96308,"children":{"CollectObservations":{"count":57833460,"self":6058.4710144,"total":6064.316129,"children":{"AgentInfo.ToProto":{"count":120204,"self":0.148278,"total":5.8449399999999994,"children":{"GenerateSensorData":{"count":120204,"self":5.696662,"total":5.696662,"children":null}}}}},"CollectDiscreteActionMasks":{"count":57833460,"self":24.907128,"total":24.907128,"children":null},"RequestDecision":{"count":57833460,"self":50.8309632,"total":2472.236187,"children":{"AgentInfo.ToProto":{"count":57833460,"self":59.6608448,"total":2421.4052229999998,"children":{"GenerateSensorData":{"count":57833460,"self":2361.744384,"total":2361.744381,"children":null}}}}}}},"DecideAction":{"count":2677474,"self":43180.759449599995,"total":43180.759537,"children":null},"AgentAct":{"count":2677474,"self":33.492361599999995,"total":33.492362,"children":null}},"gauges":{"Robot.CumulativeReward":{"count":120204,"max":147.951126,"min":-233.867386,"runningAverage":60.3326645,"value":94.6712952,"weightedAverage":77.61987}},"metadata":{"timer_format_version":"0.1.0","start_time_seconds":"1607950589","unity_version":"2019.4.12f1","command_line_arguments":"\/home\/seungju\/LSTMSAC\/.\/Env\/Linux\/Env36.x86_64 --mlagents-port 5083","communication_protocol_version":"1.2.0","com.unity.ml-agents_version":"1.5.0-preview","scene_name":"Env16","end_time_seconds":"1608006930"}}