{"count":1,"self":3.4893487999999997,"total":20.183626,"children":{"InitializeActuators":{"count":108,"self":0.0014349999999999999,"total":0.0014349999999999999,"children":null},"InitializeSensors":{"count":108,"self":0.0010249999999999999,"total":0.0010249999999999999,"children":null},"AgentSendState":{"count":803,"self":0.038245999999999995,"total":2.596396,"children":{"CollectObservations":{"count":17388,"self":1.7501879999999999,"total":1.7501879999999999,"children":null},"CollectDiscreteActionMasks":{"count":17388,"self":0.0072959999999999995,"total":0.0072959999999999995,"children":null},"RequestDecision":{"count":17388,"self":0.016496,"total":0.800666,"children":{"AgentInfo.ToProto":{"count":17388,"self":0.018147,"total":0.78416999999999992,"children":{"GenerateSensorData":{"count":17388,"self":0.766023,"total":0.766023,"children":null}}}}}}},"DecideAction":{"count":803,"self":14.0832464,"total":14.083245999999999,"children":null},"AgentAct":{"count":803,"self":0.010525,"total":0.010525,"children":null}},"gauges":{},"metadata":{"timer_format_version":"0.1.0","start_time_seconds":"1607841579","unity_version":"2019.4.12f1","command_line_arguments":"\/home\/seungju\/LSTMSAC\/.\/Env\/Linux\/Env36.x86_64 --mlagents-port 5089","communication_protocol_version":"1.2.0","com.unity.ml-agents_version":"1.5.0-preview","scene_name":"Env16","end_time_seconds":"1607841599"}}