{"count":1,"self":2.933202,"total":8.156056,"children":{"InitializeActuators":{"count":108,"self":0.0013939999999999998,"total":0.0013939999999999998,"children":null},"InitializeSensors":{"count":108,"self":0.000935,"total":0.000935,"children":null},"AgentSendState":{"count":337,"self":0.016142,"total":1.134356,"children":{"CollectObservations":{"count":7344,"self":0.740544,"total":0.740544,"children":null},"CollectDiscreteActionMasks":{"count":7344,"self":0.0029839999999999997,"total":0.0029839999999999997,"children":null},"RequestDecision":{"count":7344,"self":0.008908,"total":0.37468599999999996,"children":{"AgentInfo.ToProto":{"count":7344,"self":0.008209,"total":0.365778,"children":{"GenerateSensorData":{"count":7344,"self":0.35756899999999997,"total":0.35756899999999997,"children":null}}}}}}},"DecideAction":{"count":337,"self":4.0794688,"total":4.079469,"children":null},"AgentAct":{"count":337,"self":0.0052829999999999995,"total":0.0052829999999999995,"children":null}},"gauges":{},"metadata":{"timer_format_version":"0.1.0","start_time_seconds":"1607622046","unity_version":"2019.4.12f1","command_line_arguments":"\/home\/seungju\/LSTMSAC\/.\/Env\/Linux\/Env36.x86_64 --mlagents-port 5060","communication_protocol_version":"1.2.0","com.unity.ml-agents_version":"1.5.0-preview","scene_name":"Env72","end_time_seconds":"1607622054"}}