{"count":1,"self":98.8456448,"total":167.40892399999998,"children":{"InitializeActuators":{"count":48,"self":0.0012309999999999999,"total":0.0012309999999999999,"children":null},"InitializeSensors":{"count":48,"self":0.00071499999999999992,"total":0.00071499999999999992,"children":null},"AgentSendState":{"count":6616,"self":0.160429,"total":9.920096,"children":{"CollectObservations":{"count":63552,"self":6.850644,"total":6.854792,"children":{"AgentInfo.ToProto":{"count":96,"self":0.000138,"total":0.004148,"children":{"GenerateSensorData":{"count":96,"self":0.00401,"total":0.00401,"children":null}}}}},"CollectDiscreteActionMasks":{"count":63552,"self":0.028371,"total":0.028371,"children":null},"RequestDecision":{"count":63552,"self":0.064827,"total":2.8765039999999997,"children":{"AgentInfo.ToProto":{"count":63552,"self":0.073730999999999991,"total":2.811677,"children":{"GenerateSensorData":{"count":63552,"self":2.737946,"total":2.737946,"children":null}}}}}}},"DecideAction":{"count":6616,"self":58.579276799999995,"total":58.579274,"children":null},"AgentAct":{"count":6616,"self":0.060537999999999995,"total":0.060537999999999995,"children":null}},"gauges":{"Robot.CumulativeReward":{"count":96,"max":21.3310661,"min":-150.084564,"runningAverage":-9.890853,"value":1.76130629,"weightedAverage":-2.70926}},"metadata":{"timer_format_version":"0.1.0","start_time_seconds":"1608549856","unity_version":"2019.4.12f1","command_line_arguments":"\/home\/seungju\/LSTMSAC\/.\/Env\/Linux\/sameEnv16.x86_64 --mlagents-port 5073","communication_protocol_version":"1.2.0","com.unity.ml-agents_version":"1.5.0-preview","scene_name":"Env16","end_time_seconds":"1608550023"}}