{"count":1,"self":1323.2513024,"total":4133.194884,"children":{"InitializeActuators":{"count":48,"self":0.0012959999999999998,"total":0.0012959999999999998,"children":null},"InitializeSensors":{"count":48,"self":0.00077699999999999991,"total":0.00077699999999999991,"children":null},"AgentSendState":{"count":291441,"self":7.8062879999999994,"total":372.65482699999995,"children":{"CollectObservations":{"count":2797872,"self":204.81411839999998,"total":204.968188,"children":{"AgentInfo.ToProto":{"count":2880,"self":0.0042959999999999995,"total":0.154064,"children":{"GenerateSensorData":{"count":2880,"self":0.14976799999999998,"total":0.14976799999999998,"children":null}}}}},"CollectDiscreteActionMasks":{"count":2797872,"self":1.4074389999999999,"total":1.4074389999999999,"children":null},"RequestDecision":{"count":2797872,"self":2.995808,"total":158.47291199999998,"children":{"AgentInfo.ToProto":{"count":2797872,"self":3.8372368,"total":155.477104,"children":{"GenerateSensorData":{"count":2797872,"self":151.639872,"total":151.63986699999998,"children":null}}}}}}},"DecideAction":{"count":291441,"self":2434.6802176,"total":2434.680266,"children":null},"AgentAct":{"count":291441,"self":2.604935,"total":2.604935,"children":null}},"gauges":{"Robot.CumulativeReward":{"count":2880,"max":10.0032377,"min":-285.8167,"runningAverage":-3.773956,"value":-13.5022116,"weightedAverage":-2.92187548}},"metadata":{"timer_format_version":"0.1.0","start_time_seconds":"1608099470","unity_version":"2019.4.12f1","command_line_arguments":"\/home\/seungju\/LSTMSAC\/.\/Env\/Linux\/sameEnv16.x86_64 --mlagents-port 5038","communication_protocol_version":"1.2.0","com.unity.ml-agents_version":"1.5.0-preview","scene_name":"Env16","end_time_seconds":"1608103603"}}