{"count":1,"self":1356.2704896,"total":8628.118402,"children":{"InitializeActuators":{"count":48,"self":0.001291,"total":0.001291,"children":null},"InitializeSensors":{"count":48,"self":0.000763,"total":0.000763,"children":null},"AgentSendState":{"count":604415,"self":15.4607584,"total":2079.016953,"children":{"CollectObservations":{"count":5802384,"self":1782.7346432,"total":1783.3357159999998,"children":{"AgentInfo.ToProto":{"count":12048,"self":0.019122,"total":0.601162,"children":{"GenerateSensorData":{"count":12048,"self":0.58204,"total":0.58204,"children":null}}}}},"CollectDiscreteActionMasks":{"count":5802384,"self":2.856905,"total":2.856905,"children":null},"RequestDecision":{"count":5802384,"self":5.8448927999999993,"total":277.363573,"children":{"AgentInfo.ToProto":{"count":5802384,"self":7.5144632,"total":271.51867999999996,"children":{"GenerateSensorData":{"count":5802384,"self":264.00422399999997,"total":264.004217,"children":null}}}}}}},"DecideAction":{"count":604415,"self":5188.608,"total":5188.608114,"children":null},"AgentAct":{"count":604415,"self":4.2193287999999995,"total":4.219329,"children":null}},"gauges":{"Robot.CumulativeReward":{"count":12048,"max":70.63491,"min":-408.198425,"runningAverage":5.80003929,"value":40.1948166,"weightedAverage":22.2613182}},"metadata":{"timer_format_version":"0.1.0","start_time_seconds":"1608034534","unity_version":"2019.4.12f1","command_line_arguments":"\/home\/seungju\/LSTMSAC\/.\/Env\/Linux\/sameEnv16.x86_64 --mlagents-port 5086","communication_protocol_version":"1.2.0","com.unity.ml-agents_version":"1.5.0-preview","scene_name":"Env16","end_time_seconds":"1608043162"}}