{"count":1,"self":59.718412799999996,"total":199.72914699999998,"children":{"InitializeActuators":{"count":48,"self":0.0014629999999999999,"total":0.0014629999999999999,"children":null},"InitializeSensors":{"count":48,"self":0.00088499999999999994,"total":0.00088499999999999994,"children":null},"AgentSendState":{"count":14116,"self":0.367591,"total":22.484954,"children":{"CollectObservations":{"count":135552,"self":15.4023376,"total":15.412668,"children":{"AgentInfo.ToProto":{"count":240,"self":0.000332,"total":0.010329999999999999,"children":{"GenerateSensorData":{"count":240,"self":0.009998,"total":0.009998,"children":null}}}}},"CollectDiscreteActionMasks":{"count":135552,"self":0.063898,"total":0.063898,"children":null},"RequestDecision":{"count":135552,"self":0.139113,"total":6.640797,"children":{"AgentInfo.ToProto":{"count":135552,"self":0.17341199999999998,"total":6.501684,"children":{"GenerateSensorData":{"count":135552,"self":6.328272,"total":6.328272,"children":null}}}}}}},"DecideAction":{"count":14116,"self":117.40764159999999,"total":117.407642,"children":null},"AgentAct":{"count":14116,"self":0.114274,"total":0.114274,"children":null}},"gauges":{"Robot.CumulativeReward":{"count":240,"max":5.617925,"min":-49.6523972,"runningAverage":-4.7619586,"value":-0.301572561,"weightedAverage":-9.018101}},"metadata":{"timer_format_version":"0.1.0","start_time_seconds":"1608193442","unity_version":"2019.4.12f1","command_line_arguments":"\/home\/seungju\/LSTMSAC\/.\/Env\/Linux\/sameEnv16.x86_64 --mlagents-port 5024","communication_protocol_version":"1.2.0","com.unity.ml-agents_version":"1.5.0-preview","scene_name":"Env16","end_time_seconds":"1608193642"}}