{"count":1,"self":2524.0117247999997,"total":24085.726735,"children":{"InitializeActuators":{"count":48,"self":0.001302,"total":0.001302,"children":null},"InitializeSensors":{"count":48,"self":0.000749,"total":0.000749,"children":null},"AgentSendState":{"count":1971425,"self":43.110601599999995,"total":2880.6006869999997,"children":{"CollectObservations":{"count":18925680,"self":1993.7132543999999,"total":1994.775132,"children":{"AgentInfo.ToProto":{"count":23616,"self":0.032026,"total":1.061969,"children":{"GenerateSensorData":{"count":23616,"self":1.029943,"total":1.029943,"children":null}}}}},"CollectDiscreteActionMasks":{"count":18925680,"self":7.1996911999999993,"total":7.199691,"children":null},"RequestDecision":{"count":18925680,"self":17.554588799999998,"total":835.515261,"children":{"AgentInfo.ToProto":{"count":18925680,"self":21.889569599999998,"total":817.96067299999993,"children":{"GenerateSensorData":{"count":18925680,"self":796.07111679999991,"total":796.071104,"children":null}}}}}}},"DecideAction":{"count":1971425,"self":18668.1851904,"total":18668.184405,"children":null},"AgentAct":{"count":1971425,"self":12.926356,"total":12.926356,"children":null}},"gauges":{"Robot.CumulativeReward":{"count":23616,"max":230.320847,"min":-1295.40186,"runningAverage":0.9432609,"value":123.161613,"weightedAverage":104.253464}},"metadata":{"timer_format_version":"0.1.0","start_time_seconds":"1608878741","unity_version":"2019.4.12f1","command_line_arguments":"\/home\/seungju\/LSTMSAC\/.\/Env\/Linux\/sameEnv16.x86_64 --mlagents-port 5060","communication_protocol_version":"1.2.0","com.unity.ml-agents_version":"1.5.0-preview","scene_name":"Env16","end_time_seconds":"1608902827"}}