{"count":1,"self":283.2729088,"total":717.995279,"children":{"InitializeActuators":{"count":5,"self":0.0016259999999999998,"total":0.0016259999999999998,"children":null},"InitializeSensors":{"count":5,"self":0.00090699999999999993,"total":0.00090699999999999993,"children":null},"AgentSendState":{"count":68182,"self":0.46968099999999996,"total":8.023552,"children":{"CollectObservations":{"count":34095,"self":6.6774792,"total":6.684297,"children":{"AgentInfo.ToProto":{"count":282,"self":0.0015539999999999998,"total":0.0068179999999999994,"children":{"GenerateSensorData":{"count":282,"self":0.005264,"total":0.005264,"children":null}}}}},"CollectDiscreteActionMasks":{"count":34095,"self":0.052001,"total":0.052001,"children":null},"RequestDecision":{"count":34095,"self":0.11962199999999999,"total":0.817573,"children":{"AgentInfo.ToProto":{"count":34095,"self":0.151306,"total":0.697951,"children":{"GenerateSensorData":{"count":34095,"self":0.54664499999999994,"total":0.54664499999999994,"children":null}}}}}}},"DecideAction":{"count":68182,"self":426.43453439999996,"total":426.434547,"children":null},"AgentAct":{"count":68182,"self":0.258934,"total":0.258934,"children":null}},"gauges":{"Robot.CumulativeReward":{"count":282,"max":76.23572,"min":-71.37331,"runningAverage":-3.2517314,"value":-17.6755676,"weightedAverage":-6.45860958}},"metadata":{"timer_format_version":"0.1.0","start_time_seconds":"1606455495","unity_version":"2019.4.12f1","command_line_arguments":"\/Users\/seungju\/Documents\/SAC\/.\/Env\/MacOs\/easyv4.app\/Contents\/MacOS\/Robot --mlagents-port 5050","communication_protocol_version":"1.2.0","com.unity.ml-agents_version":"1.5.0-preview","scene_name":"SampleScene","end_time_seconds":"1606456213"}}