{"count":1,"self":460.18775039999997,"total":5677.908423,"children":{"InitializeActuators":{"count":5,"self":0.001606,"total":0.001606,"children":null},"InitializeSensors":{"count":5,"self":0.00078599999999999991,"total":0.00078599999999999991,"children":null},"AgentSendState":{"count":282368,"self":2.112751,"total":148.80418,"children":{"CollectObservations":{"count":352960,"self":135.4779776,"total":135.657129,"children":{"AgentInfo.ToProto":{"count":486,"self":0.001702,"total":0.17915499999999998,"children":{"GenerateSensorData":{"count":486,"self":0.177453,"total":0.177453,"children":null}}}}},"CollectDiscreteActionMasks":{"count":352960,"self":0.3151,"total":0.3151,"children":null},"RequestDecision":{"count":352960,"self":0.700541,"total":10.719199999999999,"children":{"AgentInfo.ToProto":{"count":352960,"self":0.95090299999999994,"total":10.018659,"children":{"GenerateSensorData":{"count":352960,"self":9.067756,"total":9.067756,"children":null}}}}}}},"DecideAction":{"count":282368,"self":5067.8312959999994,"total":5067.831268,"children":null},"AgentAct":{"count":282368,"self":1.0611949999999999,"total":1.0803989999999999,"children":{"AgentInfo.ToProto":{"count":470,"self":0.002401,"total":0.019204,"children":{"GenerateSensorData":{"count":470,"self":0.016803,"total":0.016803,"children":null}}}}}},"gauges":{"Robot.CumulativeReward":{"count":956,"max":80.86709,"min":-112.501945,"runningAverage":-11.6823454,"value":-4.17869949,"weightedAverage":-13.2808952}},"metadata":{"timer_format_version":"0.1.0","start_time_seconds":"1604162269","unity_version":"2019.4.12f1","command_line_arguments":"\/Users\/seungju\/Documents\/SAC\/.\/Env\/MacOs\/easyv4.app\/Contents\/MacOS\/Robot --mlagents-port 5018","communication_protocol_version":"1.2.0","com.unity.ml-agents_version":"1.5.0-preview","scene_name":"SampleScene","end_time_seconds":"1604167947"}}