{"count":1,"self":44.016553599999995,"total":90.799172,"children":{"InitializeActuators":{"count":10,"self":0.001947,"total":0.001947,"children":null},"InitializeSensors":{"count":10,"self":0.00086,"total":0.00086,"children":null},"AgentSendState":{"count":4076,"self":0.096496,"total":7.63207,"children":{"CollectObservations":{"count":10190,"self":6.992372,"total":6.993081,"children":{"AgentInfo.ToProto":{"count":21,"self":0.00012299999999999998,"total":0.000709,"children":{"GenerateSensorData":{"count":21,"self":0.00058599999999999993,"total":0.00058599999999999993,"children":null}}}}},"CollectDiscreteActionMasks":{"count":10190,"self":0.016607999999999998,"total":0.016607999999999998,"children":null},"RequestDecision":{"count":10190,"self":0.037197999999999995,"total":0.52588499999999994,"children":{"AgentInfo.ToProto":{"count":10190,"self":0.048204,"total":0.488687,"children":{"GenerateSensorData":{"count":10190,"self":0.44048299999999996,"total":0.44048299999999996,"children":null}}}}}}},"DecideAction":{"count":4076,"self":39.1119104,"total":39.111909,"children":null},"AgentAct":{"count":4076,"self":0.033135,"total":0.033375999999999996,"children":{"AgentInfo.ToProto":{"count":6,"self":4.1E-05,"total":0.00024099999999999998,"children":{"GenerateSensorData":{"count":6,"self":0.00019999999999999998,"total":0.00019999999999999998,"children":null}}}}}},"gauges":{"Robot.CumulativeReward":{"count":27,"max":11.3060493,"min":-32.961586,"runningAverage":-10.2676153,"value":4.492507,"weightedAverage":-5.75352573}},"metadata":{"timer_format_version":"0.1.0","start_time_seconds":"1604304662","unity_version":"2019.4.12f1","command_line_arguments":"\/Users\/seungju\/Documents\/SAC\/.\/Env\/MacOs\/easyv4.app\/Contents\/MacOS\/Robot --mlagents-port 5088","communication_protocol_version":"1.2.0","com.unity.ml-agents_version":"1.5.0-preview","scene_name":"SampleScene","end_time_seconds":"1604304752"}}