{"count":1,"self":286.9155584,"total":5165.038092,"children":{"InitializeActuators":{"count":5,"self":0.001576,"total":0.001576,"children":null},"InitializeSensors":{"count":5,"self":0.00083499999999999991,"total":0.00083499999999999991,"children":null},"AgentSendState":{"count":514455,"self":3.3153949999999996,"total":136.719611,"children":{"CollectObservations":{"count":514455,"self":86.7111936,"total":86.9461,"children":{"AgentInfo.ToProto":{"count":2748,"self":0.009276,"total":0.23490599999999998,"children":{"GenerateSensorData":{"count":2748,"self":0.22563,"total":0.22563,"children":null}}}}},"CollectDiscreteActionMasks":{"count":514455,"self":0.391901,"total":0.391901,"children":null},"RequestDecision":{"count":514455,"self":1.019496,"total":46.066215,"children":{"AgentInfo.ToProto":{"count":514455,"self":1.398649,"total":45.046718999999996,"children":{"GenerateSensorData":{"count":514455,"self":43.648070399999995,"total":43.64807,"children":null}}}}}}},"DecideAction":{"count":514455,"self":4740.1996288,"total":4740.1998159999994,"children":null},"AgentAct":{"count":514455,"self":1.199058,"total":1.199058,"children":null}},"gauges":{"Robot.CumulativeReward":{"count":2748,"max":47.7858047,"min":-42.0418129,"runningAverage":11.6493616,"value":19.11554,"weightedAverage":17.833292}},"metadata":{"timer_format_version":"0.1.0","start_time_seconds":"1606471197","unity_version":"2019.4.12f1","command_line_arguments":"\/Users\/seungju\/Documents\/SAC\/.\/Env\/MacOs\/simEnv01.app\/Contents\/MacOS\/Robot --mlagents-port 5048","communication_protocol_version":"1.2.0","com.unity.ml-agents_version":"1.5.0-preview","scene_name":"Env01","end_time_seconds":"1606476362"}}