{"count":1,"self":22.6427168,"total":234.16020999999998,"children":{"InitializeActuators":{"count":4,"self":0.001692,"total":0.001692,"children":null},"InitializeSensors":{"count":4,"self":0.000936,"total":0.000936,"children":null},"AgentSendState":{"count":13277,"self":0.141527,"total":4.9737279999999995,"children":{"CollectObservations":{"count":10624,"self":3.1587009999999998,"total":3.160973,"children":{"AgentInfo.ToProto":{"count":16,"self":9.9999999999999991E-05,"total":0.0022719999999999997,"children":{"GenerateSensorData":{"count":16,"self":0.002172,"total":0.002172,"children":null}}}}},"CollectDiscreteActionMasks":{"count":10624,"self":0.018522999999999998,"total":0.018522999999999998,"children":null},"RequestDecision":{"count":10624,"self":0.042957999999999996,"total":1.6527049999999999,"children":{"AgentInfo.ToProto":{"count":10624,"self":0.058962999999999995,"total":1.6097469999999998,"children":{"GenerateSensorData":{"count":10624,"self":1.550784,"total":1.550784,"children":null}}}}}}},"DecideAction":{"count":13277,"self":206.4864768,"total":206.48648,"children":null},"AgentAct":{"count":13277,"self":0.052419,"total":0.052419,"children":null}},"gauges":{"Robot.CumulativeReward":{"count":16,"max":-9.817229,"min":-46.6481438,"runningAverage":-27.3433189,"value":-38.11413,"weightedAverage":-26.9385948}},"metadata":{"timer_format_version":"0.1.0","start_time_seconds":"1606448542","unity_version":"2019.4.12f1","command_line_arguments":"\/Users\/seungju\/Documents\/SAC\/.\/Env\/MacOs\/simEnv01.app\/Contents\/MacOS\/Robot --mlagents-port 5077","communication_protocol_version":"1.2.0","com.unity.ml-agents_version":"1.5.0-preview","scene_name":"Env01","end_time_seconds":"1606448776"}}