{"count":1,"self":6110.5205247999993,"total":7495.02338,"children":{"InitializeActuators":{"count":5,"self":0.002097,"total":0.002097,"children":null},"InitializeSensors":{"count":5,"self":0.001138,"total":0.001138,"children":null},"AgentSendState":{"count":123579,"self":0.88189999999999991,"total":35.157379999999996,"children":{"CollectObservations":{"count":123580,"self":22.4520928,"total":22.487114,"children":{"AgentInfo.ToProto":{"count":359,"self":0.0015899999999999998,"total":0.035021,"children":{"GenerateSensorData":{"count":359,"self":0.033430999999999995,"total":0.033430999999999995,"children":null}}}}},"CollectDiscreteActionMasks":{"count":123580,"self":0.11127799999999999,"total":0.11127799999999999,"children":null},"RequestDecision":{"count":123580,"self":0.270229,"total":11.677088,"children":{"AgentInfo.ToProto":{"count":123580,"self":0.374094,"total":11.406858999999999,"children":{"GenerateSensorData":{"count":123580,"self":11.032764799999999,"total":11.032765,"children":null}}}}}}},"DecideAction":{"count":123579,"self":1349.0085887999999,"total":1349.008548,"children":null},"AgentAct":{"count":123579,"self":0.33147099999999996,"total":0.33147099999999996,"children":null}},"gauges":{"Robot.CumulativeReward":{"count":359,"max":46.6788025,"min":-42.0418129,"runningAverage":-0.8791851,"value":-7.53966665,"weightedAverage":5.545964}},"metadata":{"timer_format_version":"0.1.0","start_time_seconds":"1606463162","unity_version":"2019.4.12f1","command_line_arguments":"\/Users\/seungju\/Documents\/SAC\/.\/Env\/MacOs\/simEnv01.app\/Contents\/MacOS\/Robot --mlagents-port 5085","communication_protocol_version":"1.2.0","com.unity.ml-agents_version":"1.5.0-preview","scene_name":"Env01","end_time_seconds":"1606470657"}}