{"count":1,"self":53.1536736,"total":390.42400599999996,"children":{"InitializeActuators":{"count":3,"self":0.001622,"total":0.001622,"children":null},"InitializeSensors":{"count":3,"self":0.00078599999999999991,"total":0.00078599999999999991,"children":null},"AgentSendState":{"count":58433,"self":0.362917,"total":11.961592999999999,"children":{"CollectObservations":{"count":35061,"self":7.4540016,"total":7.460545,"children":{"AgentInfo.ToProto":{"count":57,"self":0.000299,"total":0.0065429999999999993,"children":{"GenerateSensorData":{"count":57,"self":0.0062439999999999996,"total":0.0062439999999999996,"children":null}}}}},"CollectDiscreteActionMasks":{"count":35061,"self":0.043011999999999995,"total":0.043011999999999995,"children":null},"RequestDecision":{"count":35061,"self":0.10262299999999999,"total":4.0951189999999995,"children":{"AgentInfo.ToProto":{"count":35061,"self":0.146147,"total":3.9924959999999996,"children":{"GenerateSensorData":{"count":35061,"self":3.8463488,"total":3.846349,"children":null}}}}}}},"DecideAction":{"count":58433,"self":325.1437056,"total":325.14370099999996,"children":null},"AgentAct":{"count":58433,"self":0.15864999999999999,"total":0.15864999999999999,"children":null}},"gauges":{"Robot.CumulativeReward":{"count":57,"max":17.0198288,"min":-44.1900826,"runningAverage":-16.3766346,"value":-18.3671246,"weightedAverage":-18.6633778}},"metadata":{"timer_format_version":"0.1.0","start_time_seconds":"1606729654","unity_version":"2019.4.12f1","command_line_arguments":"\/Users\/seungju\/Documents\/SAC\/.\/Env\/MacOs\/simEnv01.app\/Contents\/MacOS\/Robot --mlagents-port 5055","communication_protocol_version":"1.2.0","com.unity.ml-agents_version":"1.5.0-preview","scene_name":"simEnv01","end_time_seconds":"1606730044"}}