{"count":1,"self":74.33488,"total":834.80938199999991,"children":{"InitializeActuators":{"count":3,"self":0.001702,"total":0.001702,"children":null},"InitializeSensors":{"count":3,"self":0.00082,"total":0.00082,"children":null},"AgentSendState":{"count":134561,"self":0.679836,"total":22.418084999999998,"children":{"CollectObservations":{"count":80739,"self":13.6739328,"total":13.687958,"children":{"AgentInfo.ToProto":{"count":147,"self":0.000587,"total":0.014025,"children":{"GenerateSensorData":{"count":147,"self":0.013437999999999999,"total":0.013437999999999999,"children":null}}}}},"CollectDiscreteActionMasks":{"count":80739,"self":0.0728,"total":0.0728,"children":null},"RequestDecision":{"count":80739,"self":0.18342999999999998,"total":7.977491,"children":{"AgentInfo.ToProto":{"count":80739,"self":0.261327,"total":7.7940609999999992,"children":{"GenerateSensorData":{"count":80739,"self":7.5327344,"total":7.532734,"children":null}}}}}}},"DecideAction":{"count":134561,"self":737.74627839999994,"total":737.74628599999994,"children":null},"AgentAct":{"count":134561,"self":0.30578299999999997,"total":0.30578299999999997,"children":null}},"gauges":{"Robot.CumulativeReward":{"count":147,"max":48.8009567,"min":-111.825447,"runningAverage":-2.40951538,"value":0.528244,"weightedAverage":7.81404972}},"metadata":{"timer_format_version":"0.1.0","start_time_seconds":"1606721895","unity_version":"2019.4.12f1","command_line_arguments":"\/Users\/seungju\/Documents\/SAC\/.\/Env\/MacOs\/simEnv01.app\/Contents\/MacOS\/Robot --mlagents-port 5021","communication_protocol_version":"1.2.0","com.unity.ml-agents_version":"1.5.0-preview","scene_name":"simEnv01","end_time_seconds":"1606722730"}}