{"count":1,"self":6.7484471999999993,"total":12.334686999999999,"children":{"InitializeActuators":{"count":3,"self":0.001612,"total":0.001612,"children":null},"InitializeSensors":{"count":3,"self":0.00096099999999999994,"total":0.00096099999999999994,"children":null},"AgentSendState":{"count":1176,"self":0.014001,"total":0.325748,"children":{"CollectObservations":{"count":708,"self":0.195803,"total":0.19597799999999999,"children":{"AgentInfo.ToProto":{"count":2,"self":1.3E-05,"total":0.000175,"children":{"GenerateSensorData":{"count":2,"self":0.00016199999999999998,"total":0.00016199999999999998,"children":null}}}}},"CollectDiscreteActionMasks":{"count":708,"self":0.00148,"total":0.00148,"children":null},"RequestDecision":{"count":708,"self":0.004676,"total":0.114289,"children":{"AgentInfo.ToProto":{"count":708,"self":0.005255,"total":0.10961299999999999,"children":{"GenerateSensorData":{"count":708,"self":0.10435799999999999,"total":0.10435799999999999,"children":null}}}}}}},"DecideAction":{"count":1176,"self":5.2508951999999995,"total":5.250895,"children":null},"AgentAct":{"count":1176,"self":0.004546,"total":0.004546,"children":null}},"gauges":{"Robot.CumulativeReward":{"count":2,"max":10.54196,"min":-31.7088451,"runningAverage":-10.5834427,"value":-31.7088451,"weightedAverage":-0.0207414627}},"metadata":{"timer_format_version":"0.1.0","start_time_seconds":"1606490076","unity_version":"2019.4.12f1","command_line_arguments":"\/Users\/seungju\/Documents\/SAC\/.\/Env\/MacOs\/simEnv01.app\/Contents\/MacOS\/Robot --mlagents-port 5084","communication_protocol_version":"1.2.0","com.unity.ml-agents_version":"1.5.0-preview","scene_name":"simEnv01","end_time_seconds":"1606490088"}}