{"count":1,"self":0.7241,"total":39.331834,"children":{"InitializeActuators":{"count":48,"self":0.001205,"total":0.001205,"children":null},"InitializeSensors":{"count":48,"self":0.000781,"total":0.000781,"children":null},"AgentSendState":{"count":1,"self":0.004269,"total":0.07012199999999999,"children":{"CollectObservations":{"count":48,"self":0.050758,"total":0.050758,"children":null},"CollectDiscreteActionMasks":{"count":48,"self":0.00039099999999999996,"total":0.00039099999999999996,"children":null},"RequestDecision":{"count":48,"self":0.0033039999999999996,"total":0.014704,"children":{"AgentInfo.ToProto":{"count":48,"self":0.0015869999999999999,"total":0.011399999999999999,"children":{"GenerateSensorData":{"count":48,"self":0.0098129999999999988,"total":0.0098129999999999988,"children":null}}}}}}},"DecideAction":{"count":1,"self":38.5337408,"total":38.533741,"children":null},"AgentAct":{"count":1,"self":0.00038199999999999996,"total":0.00038199999999999996,"children":null}},"gauges":{},"metadata":{"timer_format_version":"0.1.0","start_time_seconds":"1605254832","unity_version":"2019.4.12f1","command_line_arguments":"\/home\/seungju\/RL\/.\/Env\/Linux\/simEnv16.x86_64 --mlagents-port 5058","communication_protocol_version":"1.2.0","com.unity.ml-agents_version":"1.5.0-preview","scene_name":"simEnv16","end_time_seconds":"1605254871"}}