{"count":1,"self":43.703728,"total":171.513692,"children":{"InitializeActuators":{"count":3,"self":0.0021839999999999997,"total":0.0021839999999999997,"children":null},"InitializeSensors":{"count":3,"self":0.00088899999999999992,"total":0.00088899999999999992,"children":null},"AgentSendState":{"count":14772,"self":0.135748,"total":4.020773,"children":{"CollectObservations":{"count":8865,"self":2.573809,"total":2.575271,"children":{"AgentInfo.ToProto":{"count":11,"self":0.00014099999999999998,"total":0.001462,"children":{"GenerateSensorData":{"count":11,"self":0.001321,"total":0.001321,"children":null}}}}},"CollectDiscreteActionMasks":{"count":8865,"self":0.017259999999999998,"total":0.017259999999999998,"children":null},"RequestDecision":{"count":8865,"self":0.037596,"total":1.292494,"children":{"AgentInfo.ToProto":{"count":8865,"self":0.052433,"total":1.2548979999999998,"children":{"GenerateSensorData":{"count":8865,"self":1.202465,"total":1.202465,"children":null}}}}}}},"DecideAction":{"count":14772,"self":123.72916479999999,"total":123.729164,"children":null},"AgentAct":{"count":14772,"self":0.054667999999999994,"total":0.054667999999999994,"children":null}},"gauges":{"Robot.CumulativeReward":{"count":11,"max":0.544257164,"min":-26.6925144,"runningAverage":-12.4170647,"value":-2.28410029,"weightedAverage":-9.19928551}},"metadata":{"timer_format_version":"0.1.0","start_time_seconds":"1606399878","unity_version":"2019.4.12f1","command_line_arguments":"\/Users\/seungju\/Documents\/SAC\/.\/Env\/MacOs\/Env01.app\/Contents\/MacOS\/Robot --mlagents-port 5018","communication_protocol_version":"1.2.0","com.unity.ml-agents_version":"1.5.0-preview","scene_name":"Env01","end_time_seconds":"1606400049"}}