{"count":1,"self":4.0721928,"total":40.306503,"children":{"InitializeActuators":{"count":4,"self":0.00162,"total":0.00162,"children":null},"InitializeSensors":{"count":4,"self":0.00078699999999999994,"total":0.00078699999999999994,"children":null},"AgentSendState":{"count":1523,"self":0.01529,"total":0.43496999999999997,"children":{"CollectObservations":{"count":1220,"self":0.28537799999999997,"total":0.285489,"children":{"AgentInfo.ToProto":{"count":1,"self":9E-06,"total":0.000111,"children":{"GenerateSensorData":{"count":1,"self":0.000102,"total":0.000102,"children":null}}}}},"CollectDiscreteActionMasks":{"count":1220,"self":0.0017959999999999999,"total":0.0017959999999999999,"children":null},"RequestDecision":{"count":1220,"self":0.005686,"total":0.13239499999999998,"children":{"AgentInfo.ToProto":{"count":1220,"self":0.0057989999999999995,"total":0.126709,"children":{"GenerateSensorData":{"count":1220,"self":0.12090999999999999,"total":0.12090999999999999,"children":null}}}}}}},"DecideAction":{"count":1523,"self":35.7900512,"total":35.790051999999996,"children":null},"AgentAct":{"count":1523,"self":0.005091,"total":0.005091,"children":null}},"gauges":{"Robot.CumulativeReward":{"count":1,"max":-35.712265,"min":-35.712265,"runningAverage":-35.712265,"value":-35.712265,"weightedAverage":-35.712265}},"metadata":{"timer_format_version":"0.1.0","start_time_seconds":"1606410734","unity_version":"2019.4.12f1","command_line_arguments":"\/Users\/seungju\/Documents\/SAC\/.\/Env\/MacOs\/Env01.app\/Contents\/MacOS\/Robot --mlagents-port 5059","communication_protocol_version":"1.2.0","com.unity.ml-agents_version":"1.5.0-preview","scene_name":"Env01","end_time_seconds":"1606410774"}}