{"count":1,"self":6.1176112,"total":23.37249,"children":{"InitializeActuators":{"count":4,"self":0.0016099999999999999,"total":0.0016099999999999999,"children":null},"InitializeSensors":{"count":4,"self":0.00082,"total":0.00082,"children":null},"AgentSendState":{"count":2276,"self":0.023500999999999998,"total":0.736034,"children":{"CollectObservations":{"count":1824,"self":0.466981,"total":0.46735099999999996,"children":{"AgentInfo.ToProto":{"count":3,"self":2.8E-05,"total":0.00037,"children":{"GenerateSensorData":{"count":3,"self":0.00034199999999999996,"total":0.00034199999999999996,"children":null}}}}},"CollectDiscreteActionMasks":{"count":1824,"self":0.002999,"total":0.002999,"children":null},"RequestDecision":{"count":1824,"self":0.008601,"total":0.24218299999999998,"children":{"AgentInfo.ToProto":{"count":1824,"self":0.009863,"total":0.23358199999999998,"children":{"GenerateSensorData":{"count":1824,"self":0.223719,"total":0.223719,"children":null}}}}}}},"DecideAction":{"count":2276,"self":16.5061888,"total":16.506187999999998,"children":null},"AgentAct":{"count":2276,"self":0.0078099999999999992,"total":0.0078099999999999992,"children":null}},"gauges":{"Robot.CumulativeReward":{"count":3,"max":-21.2398682,"min":-35.712265,"runningAverage":-28.0373917,"value":-21.2398682,"weightedAverage":-30.4906254}},"metadata":{"timer_format_version":"0.1.0","start_time_seconds":"1606410438","unity_version":"2019.4.12f1","command_line_arguments":"\/Users\/seungju\/Documents\/SAC\/.\/Env\/MacOs\/Env01.app\/Contents\/MacOS\/Robot --mlagents-port 5081","communication_protocol_version":"1.2.0","com.unity.ml-agents_version":"1.5.0-preview","scene_name":"Env01","end_time_seconds":"1606410461"}}