{"count":1,"self":106.008928,"total":984.40735499999994,"children":{"InitializeActuators":{"count":3,"self":0.002067,"total":0.002067,"children":null},"InitializeSensors":{"count":3,"self":0.001052,"total":0.001052,"children":null},"AgentSendState":{"count":95787,"self":0.788932,"total":27.588244999999997,"children":{"CollectObservations":{"count":57474,"self":15.8474864,"total":15.874398999999999,"children":{"AgentInfo.ToProto":{"count":159,"self":0.0010299999999999999,"total":0.026912,"children":{"GenerateSensorData":{"count":159,"self":0.025882,"total":0.025882,"children":null}}}}},"CollectDiscreteActionMasks":{"count":57474,"self":0.090382999999999991,"total":0.090382999999999991,"children":null},"RequestDecision":{"count":57474,"self":0.240913,"total":10.834531,"children":{"AgentInfo.ToProto":{"count":57474,"self":0.39384199999999997,"total":10.593618,"children":{"GenerateSensorData":{"count":57474,"self":10.199776,"total":10.199776,"children":null}}}}}}},"DecideAction":{"count":95787,"self":850.44802559999994,"total":850.448037,"children":null},"AgentAct":{"count":95787,"self":0.35586399999999996,"total":0.35586399999999996,"children":null}},"gauges":{"Robot.CumulativeReward":{"count":159,"max":29.2267551,"min":-48.84346,"runningAverage":-5.719512,"value":-14.4371376,"weightedAverage":4.575497}},"metadata":{"timer_format_version":"0.1.0","start_time_seconds":"1607277118","unity_version":"2019.4.12f1","command_line_arguments":"\/Users\/seungju\/Documents\/SAC\/.\/Env\/MacOs\/Env01.app\/Contents\/MacOS\/Robot --mlagents-port 5069","communication_protocol_version":"1.2.0","com.unity.ml-agents_version":"1.5.0-preview","scene_name":"Env01","end_time_seconds":"1607278102"}}