{"count":1,"self":194.24078079999998,"total":2280.3998619999998,"children":{"InitializeActuators":{"count":5,"self":0.001575,"total":0.001575,"children":null},"InitializeSensors":{"count":5,"self":0.00079999999999999993,"total":0.00079999999999999993,"children":null},"AgentSendState":{"count":227067,"self":1.631475,"total":66.795942,"children":{"CollectObservations":{"count":227070,"self":43.747119999999995,"total":43.80148,"children":{"AgentInfo.ToProto":{"count":563,"self":0.002437,"total":0.054359,"children":{"GenerateSensorData":{"count":563,"self":0.051921999999999996,"total":0.051921999999999996,"children":null}}}}},"CollectDiscreteActionMasks":{"count":227070,"self":0.211109,"total":0.211109,"children":null},"RequestDecision":{"count":227070,"self":0.494552,"total":21.151878,"children":{"AgentInfo.ToProto":{"count":227070,"self":0.70350899999999994,"total":20.657325999999998,"children":{"GenerateSensorData":{"count":227070,"self":19.9538176,"total":19.953817,"children":null}}}}}}},"DecideAction":{"count":227067,"self":2018.7068416,"total":2018.70681,"children":null},"AgentAct":{"count":227067,"self":0.651824,"total":0.651824,"children":null}},"gauges":{"Robot.CumulativeReward":{"count":563,"max":27.2855377,"min":-38.64653,"runningAverage":-5.125855,"value":-8.934497,"weightedAverage":-2.36427331}},"metadata":{"timer_format_version":"0.1.0","start_time_seconds":"1606482562","unity_version":"2019.4.12f1","command_line_arguments":"\/Users\/seungju\/Documents\/SAC\/.\/Env\/MacOs\/Env01.app\/Contents\/MacOS\/Robot --mlagents-port 5040","communication_protocol_version":"1.2.0","com.unity.ml-agents_version":"1.5.0-preview","scene_name":"Env01","end_time_seconds":"1606484842"}}