{"count":1,"self":423.3377792,"total":4729.244323,"children":{"InitializeActuators":{"count":3,"self":0.0017189999999999998,"total":0.0017189999999999998,"children":null},"InitializeSensors":{"count":3,"self":0.000823,"total":0.000823,"children":null},"AgentSendState":{"count":470377,"self":2.892753,"total":102.42954399999999,"children":{"CollectObservations":{"count":282228,"self":59.957055999999994,"total":60.430603999999995,"children":{"AgentInfo.ToProto":{"count":3309,"self":0.019066,"total":0.47354799999999997,"children":{"GenerateSensorData":{"count":3309,"self":0.454482,"total":0.454482,"children":null}}}}},"CollectDiscreteActionMasks":{"count":282228,"self":0.31344,"total":0.31344,"children":null},"RequestDecision":{"count":282228,"self":0.77641399999999994,"total":38.792747,"children":{"AgentInfo.ToProto":{"count":282228,"self":1.4422469999999998,"total":38.016332999999996,"children":{"GenerateSensorData":{"count":282228,"self":36.5740864,"total":36.574086,"children":null}}}}}}},"DecideAction":{"count":470377,"self":4202.2170624,"total":4202.217118,"children":null},"AgentAct":{"count":470377,"self":1.254427,"total":1.254427,"children":null}},"gauges":{"Robot.CumulativeReward":{"count":3309,"max":68.57956,"min":-58.4050522,"runningAverage":14.2415905,"value":1.29069316,"weightedAverage":12.6159725}},"metadata":{"timer_format_version":"0.1.0","start_time_seconds":"1606973182","unity_version":"2019.4.12f1","command_line_arguments":"\/Users\/seungju\/Documents\/SAC\/.\/Env\/MacOs\/Env01.app\/Contents\/MacOS\/Robot --mlagents-port 5091","communication_protocol_version":"1.2.0","com.unity.ml-agents_version":"1.5.0-preview","scene_name":"Env01","end_time_seconds":"1606977911"}}