{"count":1,"self":14.4535456,"total":99.062756,"children":{"InitializeActuators":{"count":3,"self":0.001697,"total":0.001697,"children":null},"InitializeSensors":{"count":3,"self":0.000837,"total":0.000837,"children":null},"AgentSendState":{"count":5305,"self":0.042110999999999996,"total":1.3137429999999999,"children":{"CollectObservations":{"count":3183,"self":0.74692799999999993,"total":0.748518,"children":{"AgentInfo.ToProto":{"count":11,"self":8.3E-05,"total":0.0015899999999999998,"children":{"GenerateSensorData":{"count":11,"self":0.0015069999999999999,"total":0.0015069999999999999,"children":null}}}}},"CollectDiscreteActionMasks":{"count":3183,"self":0.0052499999999999995,"total":0.0052499999999999995,"children":null},"RequestDecision":{"count":3183,"self":0.012024,"total":0.517864,"children":{"AgentInfo.ToProto":{"count":3183,"self":0.018220999999999998,"total":0.50584,"children":{"GenerateSensorData":{"count":3183,"self":0.48761899999999997,"total":0.48761899999999997,"children":null}}}}}}},"DecideAction":{"count":5305,"self":83.2732288,"total":83.273229,"children":null},"AgentAct":{"count":5305,"self":0.017395,"total":0.017395,"children":null}},"gauges":{"Robot.CumulativeReward":{"count":11,"max":5.84705067,"min":-22.9746323,"runningAverage":-11.8002815,"value":4.66752863,"weightedAverage":-7.20142}},"metadata":{"timer_format_version":"0.1.0","start_time_seconds":"1607055099","unity_version":"2019.4.12f1","command_line_arguments":"\/Users\/seungju\/Documents\/SAC\/.\/Env\/MacOs\/Env01.app\/Contents\/MacOS\/Robot --mlagents-port 5095","communication_protocol_version":"1.2.0","com.unity.ml-agents_version":"1.5.0-preview","scene_name":"Env01","end_time_seconds":"1607055198"}}