{"count":1,"self":12.1533912,"total":87.934948999999989,"children":{"InitializeActuators":{"count":1,"self":0.001614,"total":0.001614,"children":null},"InitializeSensors":{"count":1,"self":0.000859,"total":0.000859,"children":null},"AgentSendState":{"count":17465,"self":0.079428,"total":5.303345,"children":{"CollectObservations":{"count":3493,"self":4.722808,"total":4.723509,"children":{"AgentInfo.ToProto":{"count":7,"self":4.4E-05,"total":0.000701,"children":{"GenerateSensorData":{"count":7,"self":0.00065699999999999992,"total":0.00065699999999999992,"children":null}}}}},"CollectDiscreteActionMasks":{"count":3493,"self":0.0063929999999999994,"total":0.0063929999999999994,"children":null},"RequestDecision":{"count":3493,"self":0.015707,"total":0.494015,"children":{"AgentInfo.ToProto":{"count":3493,"self":0.024530999999999997,"total":0.47830799999999996,"children":{"GenerateSensorData":{"count":3493,"self":0.453777,"total":0.453777,"children":null}}}}}}},"DecideAction":{"count":17465,"self":70.4339968,"total":70.433996999999991,"children":null},"AgentAct":{"count":17465,"self":0.039758999999999996,"total":0.039758999999999996,"children":null}},"gauges":{"Robot.CumulativeReward":{"count":7,"max":-7.68598652,"min":-40.93247,"runningAverage":-25.6581211,"value":-24.5304947,"weightedAverage":-25.25844}},"metadata":{"timer_format_version":"0.1.0","start_time_seconds":"1604558436","unity_version":"2019.4.12f1","command_line_arguments":"\/Users\/seungju\/Documents\/SAC\/.\/Env\/MacOs\/imgv4_1.app\/Contents\/MacOS\/Robot --mlagents-port 5056","communication_protocol_version":"1.2.0","com.unity.ml-agents_version":"1.5.0-preview","scene_name":"SampleScene","end_time_seconds":"1604558524"}}